{
  "pos": [
    9.185382813715715e-08,
    4.669621569906945e-08,
    5.0906110341364086e-08,
    -8.65649204909656e-09,
    1.3439676210965548e-07,
    5.382261067358513e-09,
    -2.855812074099873e-08,
    -5.55284905319378e-09,
    -1.8827767373656392e-08,
    -6.112128254733556e-08,
    -5.577203093898074e-09,
    3.038637839176445e-08,
    -2.229433571348074e-08,
    -4.419496012732689e-08,
    -1.165350288708819e-08,
    -7.373848393573456e-10
  ],
  "mobility_w": -4.676741318312206e-08,
  "stable_w": -3.4141531669544354e-07,
  "__meta__": {
    "schema": 1,
    "created_at": "2025-09-13T14:34:34.113343Z",
    "episodes_in_run": 800,
    "alpha": 0.01,
    "gamma": 0.99,
    "epsilon": 0.2,
    "alpha_decay": 1.0,
    "eps_decay": 0.995,
    "reward": "winloss",
    "random_openings": 6,
    "l2": 0.0001,
    "clip_params": null,
    "normalize_features": true,
    "pos_scale": 4.0,
    "mob_scale": 20.0,
    "stab_scale": 28.0,
    "resumed_from": "weights/latest.json",
    "tag": null
  }
}