{
  "pos": [
    -4.804020885614788e-07,
    1.8001187737383359e-07,
    1.682647509335097e-07,
    9.108169474641977e-07,
    6.429138987516831e-07,
    -4.148397252612868e-07,
    -3.0987038103133266e-07,
    5.3874345451536844e-08,
    4.677075264317001e-07,
    -3.334591658169472e-07,
    -4.770063096732096e-07,
    -4.5060170004085144e-07,
    5.422424388882421e-08,
    3.1770611849947093e-07,
    -2.707026399672697e-07,
    -3.195069750705119e-07
  ],
  "mobility_w": -1.205400433880167e-06,
  "stable_w": -1.0473883436422228e-06,
  "__meta__": {
    "schema": 1,
    "created_at": "2025-09-13T14:00:18.843095Z",
    "episodes_in_run": 800,
    "alpha": 0.01,
    "gamma": 0.99,
    "epsilon": 0.2,
    "alpha_decay": 1.0,
    "eps_decay": 0.995,
    "reward": "winloss",
    "random_openings": 6,
    "l2": 0.0001,
    "clip_params": null,
    "normalize_features": true,
    "pos_scale": 4.0,
    "mob_scale": 20.0,
    "stab_scale": 28.0,
    "resumed_from": "weights/latest.json",
    "tag": null
  }
}