{
  "pos": [
    -8.461524878228424e-07,
    -3.4511417080902806e-06,
    5.0573819864009606e-06,
    -9.631430237442515e-06,
    -6.98114477982229e-06,
    -2.1409070263651097e-06,
    8.614981716953585e-07,
    2.5758324596764563e-06,
    -3.548639845087066e-06,
    -7.502341881405199e-08,
    -8.500569585879587e-06,
    5.287888908226055e-06,
    1.3292754909291678e-05,
    7.179831058739479e-07,
    -2.1214052189456333e-07,
    -3.3714144274340696e-06
  ],
  "mobility_w": 1.0531785552816599e-05,
  "stable_w": 1.667441360443814e-05,
  "__meta__": {
    "schema": 1,
    "created_at": "2025-09-13T13:41:28.952582Z",
    "episodes_in_run": 800,
    "alpha": 0.01,
    "gamma": 0.99,
    "epsilon": 0.2,
    "alpha_decay": 1.0,
    "eps_decay": 0.995,
    "reward": "winloss",
    "random_openings": 6,
    "l2": 0.0001,
    "clip_params": null,
    "normalize_features": true,
    "pos_scale": 4.0,
    "mob_scale": 20.0,
    "stab_scale": 28.0,
    "resumed_from": "weights/latest.json",
    "tag": null
  }
}