{
  "pos": [
    0.0008172984379799911,
    0.00044164263256335186,
    0.0013706826540799428,
    0.0036237490977305115,
    0.003757706305739252,
    0.0014393532822878888,
    0.004064592174300158,
    0.0005861368273615705,
    -0.0002653513793344224,
    2.271760638384437e-05,
    0.002786432501929415,
    0.0015384899112248504,
    0.0014989428262218712,
    0.003294629825489148,
    -0.000257408433835257,
    0.000909537222523549
  ],
  "mobility_w": 0.00020347302080888095,
  "stable_w": -0.015027969009850052,
  "__meta__": {
    "schema": 1,
    "created_at": "2025-09-13T12:53:34.813208Z",
    "episodes_in_run": 800,
    "alpha": 0.01,
    "gamma": 0.99,
    "epsilon": 0.2,
    "alpha_decay": 1.0,
    "eps_decay": 0.995,
    "reward": "winloss",
    "random_openings": 6,
    "l2": 0.0001,
    "clip_params": null,
    "normalize_features": true,
    "pos_scale": 4.0,
    "mob_scale": 20.0,
    "stab_scale": 28.0,
    "resumed_from": "weights/latest.json",
    "tag": null
  }
}