{
  "pos": [
    0.0008244573065956146,
    -0.002234852797464503,
    0.0008087949367425382,
    0.0001947119124873648,
    -0.0005638590638011979,
    -0.000347662956089173,
    0.0007348013770111905,
    -0.000640822374374365,
    0.0022677152672701366,
    -0.00032684638405408345,
    4.40282967724976e-05,
    0.0005234733507045279,
    -0.0013604458665042406,
    0.0003704984389934419,
    6.369160566800111e-05,
    0.00020683537912948372
  ],
  "mobility_w": -3.0083335495600176e-05,
  "stable_w": -0.002205044164699823,
  "__meta__": {
    "schema": 1,
    "created_at": "2025-09-13T13:07:11.606924Z",
    "episodes_in_run": 800,
    "alpha": 0.01,
    "gamma": 0.99,
    "epsilon": 0.2,
    "alpha_decay": 1.0,
    "eps_decay": 0.995,
    "reward": "winloss",
    "random_openings": 6,
    "l2": 0.0001,
    "clip_params": null,
    "normalize_features": true,
    "pos_scale": 4.0,
    "mob_scale": 20.0,
    "stab_scale": 28.0,
    "resumed_from": "weights/latest.json",
    "tag": null
  }
}