{
  "pos": [
    -1.5914838741311e-08,
    5.29479695838536e-09,
    -1.168019068282737e-08,
    -4.767108284172667e-09,
    -3.943908634399723e-09,
    -1.6955943594611367e-08,
    -6.9699701117820985e-09,
    -9.112490122107384e-10,
    -1.60775221969687e-08,
    -2.771499893422707e-09,
    2.9174730749572277e-09,
    -1.0071237551050232e-08,
    -1.711364110664737e-09,
    -2.339950464192741e-09,
    -1.1995487210534131e-08,
    4.543529456455417e-10
  ],
  "mobility_w": -1.527719406756489e-08,
  "stable_w": 3.0675083680715465e-08,
  "__meta__": {
    "schema": 1,
    "created_at": "2025-09-13T14:14:19.992820Z",
    "episodes_in_run": 800,
    "alpha": 0.01,
    "gamma": 0.99,
    "epsilon": 0.2,
    "alpha_decay": 1.0,
    "eps_decay": 0.995,
    "reward": "winloss",
    "random_openings": 6,
    "l2": 0.0001,
    "clip_params": null,
    "normalize_features": true,
    "pos_scale": 4.0,
    "mob_scale": 20.0,
    "stab_scale": 28.0,
    "resumed_from": "weights/latest.json",
    "tag": null
  }
}