{
  "pos": [
    0.48371018693796336,
    0.06475026097169057,
    0.0478622963239053,
    0.05105951369577603,
    0.09573959121375902,
    -0.018189464926746494,
    -0.03862955985255414,
    -0.03283914991224023,
    0.08036986864436771,
    -0.02858326403717417,
    0.012388141137053964,
    0.010561382935645262,
    0.053644715169601766,
    -0.015960066169638975,
    0.024970406319599757,
    -0.03657395548045155
  ],
  "mobility_w": 0.14707265390461974,
  "stable_w": 0.432482426804136,
  "__meta__": {
    "schema": 1,
    "created_at": "2025-09-13T12:14:02.078987Z",
    "episodes_in_run": 500,
    "alpha": 0.006063789448611843,
    "gamma": 0.99,
    "epsilon": 0.01631437228805569,
    "alpha_decay": 0.999,
    "eps_decay": 0.995,
    "reward": "winloss",
    "random_openings": 6,
    "l2": 0.0001,
    "clip_params": 1.0,
    "normalize_features": true,
    "pos_scale": 4.0,
    "mob_scale": 20.0,
    "stab_scale": 28.0,
    "resumed_from": null,
    "tag": null
  }
}