{
  "pos": [
    -0.012607766687876026,
    -0.0646002928084095,
    0.021243548370358568,
    0.021539370852193592,
    -0.02614258949040432,
    0.03488447908941692,
    -0.032001962990905006,
    -0.010958507219886936,
    -0.010290219833543137,
    0.001809879165465472,
    -0.018120692013318496,
    -0.014058904884524808,
    0.015620328069729787,
    -0.0008707398793111433,
    -0.006035924717756335,
    -0.010818431382549551
  ],
  "mobility_w": -0.0009597197450780685,
  "stable_w": 0.06568057712133876,
  "__meta__": {
    "schema": 1,
    "created_at": "2025-09-13T12:47:58.248559Z",
    "episodes_in_run": 800,
    "alpha": 0.01,
    "gamma": 0.99,
    "epsilon": 0.2,
    "alpha_decay": 1.0,
    "eps_decay": 0.995,
    "reward": "winloss",
    "random_openings": 6,
    "l2": 0.0001,
    "clip_params": null,
    "normalize_features": true,
    "pos_scale": 4.0,
    "mob_scale": 20.0,
    "stab_scale": 28.0,
    "resumed_from": "weights/latest.json",
    "tag": null
  }
}