{
  "pos": [
    0.5474296820687451,
    -0.1571523416368693,
    0.09206251909543715,
    -0.029201503658522712,
    -0.13099765535877184,
    -0.1770591550507381,
    -0.0342829057466668,
    -0.05155636764087737,
    0.022565668887134106,
    -0.02216120650350935,
    0.003171890303573481,
    0.0012116447861268292,
    0.034160534399936084,
    -0.004304118477716507,
    -0.0014112501997298257,
    -0.018101164955029513
  ],
  "mobility_w": 0.1982913160417915,
  "stable_w": 1.0098872171164706,
  "__meta__": {
    "schema": 1,
    "created_at": "2025-09-13T12:33:23.315083Z",
    "episodes_in_run": 1000,
    "alpha": 0.01,
    "gamma": 0.99,
    "epsilon": 0.2,
    "alpha_decay": 1.0,
    "eps_decay": 0.995,
    "reward": "winloss",
    "random_openings": 6,
    "l2": 0.0001,
    "clip_params": null,
    "normalize_features": true,
    "pos_scale": 4.0,
    "mob_scale": 20.0,
    "stab_scale": 28.0,
    "resumed_from": "weights/weights-500.json",
    "tag": null
  }
}