{
  "pos": [
    1.0834232102004988e-06,
    2.460220264140658e-07,
    -2.9967649093787423e-07,
    1.2807176554990713e-07,
    4.8038021739316674e-08,
    -8.13343358460826e-07,
    2.0192091604162138e-07,
    6.918037951208748e-08,
    2.0269737313454659e-07,
    -3.476184085584044e-07,
    1.9196623572392274e-07,
    -3.5188993759947734e-07,
    -2.3149837221375194e-07,
    -3.9467115297077564e-07,
    -2.0573678255662263e-07,
    1.6357717468086956e-08
  ],
  "mobility_w": -9.84868169849525e-07,
  "stable_w": -1.289837586240726e-06,
  "__meta__": {
    "schema": 1,
    "created_at": "2025-09-13T14:20:51.406083Z",
    "episodes_in_run": 800,
    "alpha": 0.01,
    "gamma": 0.99,
    "epsilon": 0.2,
    "alpha_decay": 1.0,
    "eps_decay": 0.995,
    "reward": "winloss",
    "random_openings": 6,
    "l2": 0.0001,
    "clip_params": null,
    "normalize_features": true,
    "pos_scale": 4.0,
    "mob_scale": 20.0,
    "stab_scale": 28.0,
    "resumed_from": "weights/latest.json",
    "tag": null
  }
}