{
  "pos": [
    0.00025159212993236063,
    3.8893959770277314e-05,
    7.773010165832504e-06,
    -2.040324602509957e-05,
    -8.703472286480359e-05,
    -4.3886689892543646e-05,
    3.1991153957043355e-05,
    4.487077628516201e-05,
    0.00018816250398252422,
    -5.775702981841907e-05,
    7.220220360955535e-06,
    -5.2082093812995106e-05,
    -0.00014966618768389296,
    1.3218998202593699e-05,
    -4.6374224819867374e-05,
    1.6532535007751843e-05
  ],
  "mobility_w": -0.0001846041502432953,
  "stable_w": -0.0002535995270283462,
  "__meta__": {
    "schema": 1,
    "created_at": "2025-09-13T13:32:54.773573Z",
    "episodes_in_run": 800,
    "alpha": 0.01,
    "gamma": 0.99,
    "epsilon": 0.2,
    "alpha_decay": 1.0,
    "eps_decay": 0.995,
    "reward": "winloss",
    "random_openings": 6,
    "l2": 0.0001,
    "clip_params": null,
    "normalize_features": true,
    "pos_scale": 4.0,
    "mob_scale": 20.0,
    "stab_scale": 28.0,
    "resumed_from": "weights/latest.json",
    "tag": null
  }
}