{
  "pos": [
    8.79963156259236e-10,
    7.163455067807362e-09,
    -2.3163583480306083e-08,
    -3.244994993592685e-08,
    -1.1562510311764611e-08,
    -6.430666738242582e-08,
    -8.226510196145392e-09,
    2.983181513709451e-08,
    -6.582607125370082e-08,
    4.528124615388426e-08,
    -3.9729732043303394e-08,
    6.729011915905996e-08,
    -7.221170142832622e-08,
    2.5999124101142566e-08,
    2.639642939385409e-08,
    4.600719037790867e-09
  ],
  "mobility_w": 1.597112800340577e-07,
  "stable_w": 5.235858169097418e-08,
  "__meta__": {
    "schema": 1,
    "created_at": "2025-09-13T14:07:59.408791Z",
    "episodes_in_run": 800,
    "alpha": 0.01,
    "gamma": 0.99,
    "epsilon": 0.2,
    "alpha_decay": 1.0,
    "eps_decay": 0.995,
    "reward": "winloss",
    "random_openings": 6,
    "l2": 0.0001,
    "clip_params": null,
    "normalize_features": true,
    "pos_scale": 4.0,
    "mob_scale": 20.0,
    "stab_scale": 28.0,
    "resumed_from": "weights/latest.json",
    "tag": null
  }
}