{
  "pos": [
    0.2158743560153318,
    0.06867732841494852,
    0.05485552156611829,
    0.03281342978928609,
    0.061915658505073516,
    0.013902105237892922,
    0.00824747896370135,
    0.018285984632470192,
    0.05726266012747505,
    0.011595656731362668,
    0.02907724436095163,
    0.015376532508135367,
    0.04143300469150486,
    0.013382355629068093,
    0.019560247244841636,
    0.00269645863074547
  ],
  "mobility_w": 0.038739968292150394,
  "stable_w": 0.035032947404523486
}