{
  "pos": [
    0.21946462385906548,
    0.07284453953066303,
    0.0628254607363562,
    0.03932281617613661,
    0.07091449672825428,
    0.004196639321220392,
    0.00014659256459141184,
    0.016551348984907534,
    0.06753949987651532,
    0.00955400735507806,
    0.028938423749046895,
    0.012021805087701391,
    0.05622446915762444,
    0.009278571060360799,
    0.011801324071083422,
    0.006055999897631685
  ],
  "mobility_w": 0.037846273075323976,
  "stable_w": 0.03716777896672331
}