{
  "pos": [
    0.14129231284443916,
    0.025868953769199492,
    0.032447376732180205,
    0.024982829229289783,
    0.025921214418275697,
    0.0035785232850819686,
    0.008107878937460176,
    0.011141623457571354,
    0.03695021696343179,
    0.010966324486431962,
    0.0174494807973165,
    0.011502907076060472,
    0.030263447649429183,
    0.016228991307970335,
    0.01411138100491327,
    0.005208587447092911
  ],
  "mobility_w": 0.024943978128737044,
  "stable_w": 0.03246865145532373
}