{
  "pos": [
    0.13514465969408412,
    0.022239107113694548,
    0.025249995086865675,
    0.015607368537970918,
    0.021087366149812634,
    0.001248484520512971,
    0.00835359946524122,
    0.008721213445752532,
    0.027529209604663162,
    0.008439199358964158,
    0.019568561153302407,
    0.0055818915760440044,
    0.019007606325785853,
    0.01484596080649824,
    0.010376274310294717,
    0.0004382604046012093
  ],
  "mobility_w": 0.021705960725854477,
  "stable_w": 0.02623187593574414
}