{
  "pos": [
    0.13860691949283493,
    0.02365456941543477,
    0.03348107768202706,
    0.025381036326976667,
    0.028508347571862894,
    0.003997438774553426,
    0.006187560905229486,
    0.013356846320031038,
    0.03041593511440319,
    0.005477120593716291,
    0.014823525539862456,
    0.00959247994269346,
    0.023149328841578738,
    0.01013178907347421,
    0.009784025658675054,
    0.005119158673319631
  ],
  "mobility_w": 0.022789585333440422,
  "stable_w": 0.030311506225331682
}