{
  "pos": [
    0.21892255154468912,
    0.07338379202863674,
    0.0640417689025305,
    0.04038538539145838,
    0.06946271578551463,
    0.004637433850929908,
    1.0757902771097507e-05,
    0.017410772291104434,
    0.0663882678425765,
    0.009716397189851764,
    0.029191616778288722,
    0.011596016091897731,
    0.05510024579710478,
    0.009154717003404436,
    0.012355893194143472,
    0.006585148256716682
  ],
  "mobility_w": 0.037710062218187256,
  "stable_w": 0.03627563503486989
}