{
  "pos": [
    0.21411106106797448,
    0.06825824698492387,
    0.05814096434684805,
    0.0357162379941175,
    0.06680598908686898,
    0.0024669807683047867,
    -0.002233454732769951,
    0.013324294361370592,
    0.06287602445785348,
    0.006440643982557853,
    0.028938694802082294,
    0.008948916261464403,
    0.05035259096402278,
    0.004388362624950783,
    0.011344499856717056,
    0.006249322046762087
  ],
  "mobility_w": 0.03605384324142589,
  "stable_w": 0.0338820087625794
}