{
  "pos": [
    0.2254627965748526,
    0.07421811545110638,
    0.061450477800656336,
    0.03451166838338454,
    0.04728645824306029,
    0.02564077830310023,
    -0.0028407345637321228,
    0.014495424199834487,
    0.04985213453290757,
    0.005181111223419218,
    0.021186283785839602,
    0.01568627193855102,
    0.03675557798406233,
    0.01656804175142768,
    0.02288570996292152,
    0.00010229932872609987
  ],
  "mobility_w": 0.03949642265695032,
  "stable_w": 0.03654199599582316
}