{
  "pos": [
    0.18278465560937235,
    0.10740635850947697,
    0.08225621770757781,
    0.06893020408161259,
    0.10509032958783071,
    0.03575248850629492,
    -0.006597501045309572,
    0.016048784390150204,
    0.08156217388276198,
    -0.0090851755911934,
    0.059050580578238684,
    0.01644968517541051,
    0.0787432476439279,
    0.026045325431144593,
    0.026005194681063905,
    0.03291051915406666
  ],
  "mobility_w": 0.06486978463187809,
  "stable_w": 0.07950575589896933,
  "__meta__": {
    "schema": 1,
    "created_at": "2025-09-13T06:02:43.165495Z",
    "episodes_in_run": 1000,
    "alpha": 0.0018384771238548166,
    "gamma": 0.99,
    "epsilon": 0.0013307937157663943,
    "alpha_decay": 0.999,
    "eps_decay": 0.995,
    "reward": "winloss",
    "random_openings": 8,
    "l2": 0.0001,
    "clip_params": 1.0,
    "normalize_features": true,
    "pos_scale": 4.0,
    "mob_scale": 20.0,
    "stab_scale": 28.0,
    "resumed_from": null,
    "tag": null
  }
}