{
  "pos": [
    0.2990993085594724,
    0.03749766384644254,
    0.04300736054429951,
    0.028835748845190065,
    0.03499022041385144,
    0.0016472870022320488,
    0.017358158235470107,
    0.00567516717047536,
    0.07391252893655413,
    0.030463399974485914,
    0.025134939630271788,
    0.0023992118253936797,
    0.07303033417224972,
    0.006428068955499498,
    0.01242974852291807,
    0.02185556062600542
  ],
  "mobility_w": 0.04953518935702238,
  "stable_w": 0.034391967076848176,
  "__meta__": {
    "schema": 1,
    "created_at": "2025-09-13T07:07:26.460834Z",
    "episodes_in_run": 1000,
    "alpha": 0.0036769542477096333,
    "gamma": 0.99,
    "epsilon": 0.0013307937157663943,
    "alpha_decay": 0.999,
    "eps_decay": 0.995,
    "reward": "winloss",
    "random_openings": 6,
    "l2": 0.0001,
    "clip_params": 1.0,
    "normalize_features": true,
    "pos_scale": 4.0,
    "mob_scale": 20.0,
    "stab_scale": 28.0,
    "resumed_from": "weights/latest.json",
    "tag": null
  }
}