{
  "pos": [
    0.29445066199440056,
    0.1049232534309485,
    0.06640591245597366,
    0.05008526327652694,
    0.06763978230171515,
    0.012818903822514887,
    0.005495910144990175,
    0.014631492935229695,
    0.06382819676016949,
    0.008700835273899811,
    0.04074156288922958,
    0.013918316651002835,
    0.053885817879993886,
    0.027785598666369666,
    0.012986040356527248,
    0.014883132031266018
  ],
  "mobility_w": 0.051846074363955316,
  "stable_w": 0.03469908849924172,
  "__meta__": {
    "schema": 1,
    "created_at": "2025-09-13T06:14:17.480290Z",
    "episodes_in_run": 1000,
    "alpha": 0.0018384771238548166,
    "gamma": 0.99,
    "epsilon": 0.0013307937157663943,
    "alpha_decay": 0.999,
    "eps_decay": 0.995,
    "reward": "winloss",
    "random_openings": 8,
    "l2": 0.0001,
    "clip_params": 1.0,
    "normalize_features": true,
    "pos_scale": 4.0,
    "mob_scale": 20.0,
    "stab_scale": 28.0,
    "resumed_from": "weights/latest.json",
    "tag": null
  }
}