{
  "pos": [
    0.23716361083999876,
    0.09939545187257355,
    0.06042312194835959,
    0.038242113346989834,
    0.09022258330066987,
    0.007316582504100896,
    -0.024468701095610328,
    -0.0064250512751209314,
    0.0602104517729049,
    0.01103233261637746,
    0.042687691023502713,
    -0.000263577024026445,
    0.059284930161851525,
    0.0184549882481262,
    0.01711034750543193,
    0.00982434887096587
  ],
  "mobility_w": 0.04281793543743024,
  "stable_w": 0.0276683582206257,
  "__meta__": {
    "schema": 1,
    "created_at": "2025-09-13T06:04:30.206685Z",
    "episodes_in_run": 1000,
    "alpha": 0.0018384771238548166,
    "gamma": 0.99,
    "epsilon": 0.0013307937157663943,
    "alpha_decay": 0.999,
    "eps_decay": 0.995,
    "reward": "winloss",
    "random_openings": 8,
    "l2": 0.0001,
    "clip_params": 1.0,
    "normalize_features": true,
    "pos_scale": 4.0,
    "mob_scale": 20.0,
    "stab_scale": 28.0,
    "resumed_from": "weights/latest.json",
    "tag": null
  }
}