{
  "pos": [
    0.29207767517767047,
    0.05801201468939513,
    0.05810820437242305,
    -0.0003635569906690843,
    0.04979629906233415,
    0.00534860606309891,
    0.006248916325621098,
    0.0016300352989349724,
    0.04371422854543148,
    -0.0040786464253459755,
    0.03687035787078761,
    0.01312107965764624,
    0.06426276221063815,
    0.027314780441664497,
    0.03290295131432516,
    0.014306347628847811
  ],
  "mobility_w": 0.049261326118397744,
  "stable_w": 0.027531524103515,
  "__meta__": {
    "schema": 1,
    "created_at": "2025-09-13T07:07:11.653139Z",
    "episodes_in_run": 500,
    "alpha": 0.006063789448611843,
    "gamma": 0.99,
    "epsilon": 0.01631437228805569,
    "alpha_decay": 0.999,
    "eps_decay": 0.995,
    "reward": "winloss",
    "random_openings": 6,
    "l2": 0.0001,
    "clip_params": 1.0,
    "normalize_features": true,
    "pos_scale": 4.0,
    "mob_scale": 20.0,
    "stab_scale": 28.0,
    "resumed_from": "weights/latest.json",
    "tag": null
  }
}