{
  "pos": [
    0.31586842626616907,
    0.07125248041401766,
    0.034037818809234933,
    0.07493412584562888,
    0.05417698751029822,
    -0.015519596400660023,
    -0.0025498646928192215,
    0.01042556654218899,
    0.06480253460806035,
    -0.01907311735250338,
    0.00295827275451572,
    0.018101543955957557,
    0.059170245330188005,
    -0.006947042562327581,
    0.021229489797465036,
    0.002789472147057252
  ],
  "mobility_w": 0.032127884412298115,
  "stable_w": 0.0423759399805078,
  "__meta__": {
    "schema": 1,
    "created_at": "2025-09-13T06:52:50.175805Z",
    "episodes_in_run": 1000,
    "alpha": 0.0036769542477096333,
    "gamma": 0.99,
    "epsilon": 0.0013307937157663943,
    "alpha_decay": 0.999,
    "eps_decay": 0.995,
    "reward": "winloss",
    "random_openings": 6,
    "l2": 0.0001,
    "clip_params": 1.0,
    "normalize_features": true,
    "pos_scale": 4.0,
    "mob_scale": 20.0,
    "stab_scale": 28.0,
    "resumed_from": "weights/latest.json",
    "tag": null
  }
}