{
  "pos": [
    0.2197681353234352,
    0.07286784218762538,
    0.06300898297039821,
    0.03932122121668495,
    0.07106932275047732,
    0.0039049653287454387,
    0.0006053212857206467,
    0.017348917404933835,
    0.0672034622708333,
    0.009631399147008793,
    0.028708743149782046,
    0.012408615480473176,
    0.055837896668627075,
    0.009478809678419076,
    0.012380997816388085,
    0.005972758154072463
  ],
  "mobility_w": 0.03761737774583908,
  "stable_w": 0.03660014266668435
}