{
  "pos": [
    0.21960676746414312,
    0.07264119150332957,
    0.06274262585646546,
    0.03907664474619357,
    0.0709958367900572,
    0.0038362400160732446,
    0.0003170136037596988,
    0.016955644546143917,
    0.0672547203959216,
    0.009575111059840305,
    0.028574408971203523,
    0.012106914545854362,
    0.05589852604600085,
    0.009254456920924845,
    0.01194176982166325,
    0.005784649701873476
  ],
  "mobility_w": 0.03761149316006196,
  "stable_w": 0.036617572957005205
}