{
  "pos": [
    0.21973478787802192,
    0.07284967938410544,
    0.06297593031890676,
    0.039298533620450674,
    0.07103615154766926,
    0.0039052349948524804,
    0.0005710692777885286,
    0.017339542024999433,
    0.06718465208713428,
    0.009579285644901993,
    0.02868850686380093,
    0.012337394683600454,
    0.05581903155599772,
    0.009415724788283026,
    0.012290498342162375,
    0.005931850004582607
  ],
  "mobility_w": 0.03761057888759794,
  "stable_w": 0.03659325615756319
}