{
  "pos": [
    -15.774362347342384,
    -12.51082572755772,
    -49.551422719060405,
    57.325927966260316,
    -29.68327664173477,
    17.823860886294455,
    18.86998266089289,
    -9.372578825587386,
    -25.19655898858083,
    34.77373550338024,
    -14.223183743015781,
    4.634115767968087,
    18.702075030643403,
    -7.989797668299327,
    15.175201433209264,
    -16.034810286323037
  ],
  "mobility_w": 116.91972417016292,
  "stable_w": 470.93411285139854,
  "__meta__": {
    "schema": 1,
    "created_at": "2025-09-13T19:16:51.294121Z",
    "episodes_in_run": 800,
    "alpha": 0.01,
    "gamma": 0.99,
    "epsilon": 0.2,
    "alpha_decay": 1.0,
    "eps_decay": 0.995,
    "reward": "winloss",
    "random_openings": 6,
    "l2": 0.0001,
    "clip_params": null,
    "normalize_features": true,
    "pos_scale": 4.0,
    "mob_scale": 20.0,
    "stab_scale": 28.0,
    "resumed_from": "weights/latest.json",
    "tag": null
  }
}