{
  "pos": [
    64.52387659489256,
    -25.030862899877647,
    4.549818960802338,
    3.3653191634742248,
    -27.933082565680632,
    -13.477489749413795,
    -3.4675437209834463,
    1.7856722336628423,
    11.961739060270746,
    1.0156649004643894,
    3.558608882637347,
    -0.7188029747233563,
    -0.7081705893705565,
    -4.059551112032899,
    0.7111914009812976,
    0.5747281390669636
  ],
  "mobility_w": 23.65585891665643,
  "stable_w": 33.445606438312595,
  "__meta__": {
    "schema": 1,
    "created_at": "2025-09-13T16:13:53.176266Z",
    "episodes_in_run": 800,
    "alpha": 0.01,
    "gamma": 0.99,
    "epsilon": 0.2,
    "alpha_decay": 1.0,
    "eps_decay": 0.995,
    "reward": "winloss",
    "random_openings": 6,
    "l2": 0.0001,
    "clip_params": null,
    "normalize_features": true,
    "pos_scale": 4.0,
    "mob_scale": 20.0,
    "stab_scale": 28.0,
    "resumed_from": null,
    "tag": null
  }
}