{
  "pos": [
    0.9456967074306472,
    -8.001205673750054,
    -10.551888336882158,
    79.20483771439626,
    -12.615947184622344,
    30.286081218167435,
    12.692665967591868,
    -19.784294026866096,
    -6.709592057426117,
    22.44941443619079,
    1.675957004631571,
    -0.34982722310401737,
    34.29220859251997,
    -11.0633331973167,
    -5.572365244293496,
    -4.211633698214379
  ],
  "mobility_w": 86.99004059599893,
  "stable_w": 296.3351122472173,
  "__meta__": {
    "schema": 1,
    "created_at": "2025-09-13T19:08:21.793008Z",
    "episodes_in_run": 800,
    "alpha": 0.01,
    "gamma": 0.99,
    "epsilon": 0.2,
    "alpha_decay": 1.0,
    "eps_decay": 0.995,
    "reward": "winloss",
    "random_openings": 6,
    "l2": 0.0001,
    "clip_params": null,
    "normalize_features": true,
    "pos_scale": 4.0,
    "mob_scale": 20.0,
    "stab_scale": 28.0,
    "resumed_from": "weights/latest.json",
    "tag": null
  }
}