{
  "pos": [
    27.623559180062784,
    -793.6499514254406,
    94.68539723898735,
    241.0017462362338,
    -702.7723498162998,
    -34.9011903243376,
    118.63752129235192,
    -206.99070656250544,
    -34.58059802491433,
    -11.089075032567541,
    74.49238954618092,
    24.834345836014794,
    -180.68336978325348,
    -60.011201891544964,
    76.2053767724413,
    -34.89251940121052
  ],
  "mobility_w": 939.6149553046786,
  "stable_w": 3887.754213181036,
  "__meta__": {
    "schema": 1,
    "created_at": "2025-09-13T22:40:38.576800Z",
    "episodes_in_run": 800,
    "alpha": 0.01,
    "gamma": 0.99,
    "epsilon": 0.2,
    "alpha_decay": 1.0,
    "eps_decay": 0.995,
    "reward": "winloss",
    "random_openings": 6,
    "l2": 0.0001,
    "clip_params": null,
    "normalize_features": true,
    "pos_scale": 4.0,
    "mob_scale": 20.0,
    "stab_scale": 28.0,
    "resumed_from": "weights/latest.json",
    "tag": null
  }
}