{
  "pos": [
    -4.240679225527737,
    -125.03416368832936,
    -51.09075158396035,
    -19.76437140622075,
    -118.85644806030794,
    31.058903109506012,
    25.38712783168788,
    49.68643316124629,
    -39.58771042129695,
    -16.38119800631499,
    -18.944962752278276,
    -16.5496469152864,
    10.148590779079289,
    -32.8078053935339,
    6.040134341493112,
    -4.350363468675657
  ],
  "mobility_w": 158.68099760411556,
  "stable_w": 1175.0623180392017,
  "__meta__": {
    "schema": 1,
    "created_at": "2025-09-13T20:04:32.904278Z",
    "episodes_in_run": 800,
    "alpha": 0.01,
    "gamma": 0.99,
    "epsilon": 0.2,
    "alpha_decay": 1.0,
    "eps_decay": 0.995,
    "reward": "winloss",
    "random_openings": 6,
    "l2": 0.0001,
    "clip_params": null,
    "normalize_features": true,
    "pos_scale": 4.0,
    "mob_scale": 20.0,
    "stab_scale": 28.0,
    "resumed_from": "weights/latest.json",
    "tag": null
  }
}