{
  "pos": [
    37.96360469129503,
    -29.626285187677823,
    -36.684657737166724,
    12.52795277778573,
    -62.650023893578776,
    11.80325820278481,
    20.830609938996215,
    -15.050671866680633,
    -16.55424798890313,
    -4.468376908457153,
    8.838641233861303,
    2.932588846765546,
    -10.670976852442179,
    23.69989121141192,
    -8.478953678160217,
    -5.297293762798503
  ],
  "mobility_w": 76.89397717122573,
  "stable_w": 434.37795094027695,
  "__meta__": {
    "schema": 1,
    "created_at": "2025-09-13T18:58:34.347696Z",
    "episodes_in_run": 800,
    "alpha": 0.01,
    "gamma": 0.99,
    "epsilon": 0.2,
    "alpha_decay": 1.0,
    "eps_decay": 0.995,
    "reward": "winloss",
    "random_openings": 6,
    "l2": 0.0001,
    "clip_params": null,
    "normalize_features": true,
    "pos_scale": 4.0,
    "mob_scale": 20.0,
    "stab_scale": 28.0,
    "resumed_from": "weights/latest.json",
    "tag": null
  }
}