{
  "pos": [
    17.11235511927318,
    -19.29724667149075,
    -4.340919274811132,
    4.3090674287288975,
    -21.83170187016326,
    -2.4282573520237114,
    3.2257068805353057,
    -1.7743526310797502,
    -2.5529105689815923,
    5.5842714581087085,
    -2.5895461496099936,
    -2.6253839664239513,
    4.188959384279295,
    -5.265764050814004,
    1.4314401776221721,
    -1.5259684433322547
  ],
  "mobility_w": 38.508616901722284,
  "stable_w": 89.91245847346974,
  "__meta__": {
    "schema": 1,
    "created_at": "2025-09-13T16:41:03.490787Z",
    "episodes_in_run": 800,
    "alpha": 0.01,
    "gamma": 0.99,
    "epsilon": 0.2,
    "alpha_decay": 1.0,
    "eps_decay": 0.995,
    "reward": "winloss",
    "random_openings": 6,
    "l2": 0.0001,
    "clip_params": null,
    "normalize_features": true,
    "pos_scale": 4.0,
    "mob_scale": 20.0,
    "stab_scale": 28.0,
    "resumed_from": "weights/latest.json",
    "tag": null
  }
}