{
  "pos": [
    11.787409449821562,
    -16.106707603592927,
    10.389277055666756,
    -6.402244433806317,
    -12.167428816358102,
    -0.885855144352164,
    8.643412294058697,
    -5.90526004081642,
    -3.4415545689090927,
    1.3105993306281816,
    -5.002517810145945,
    4.193314449837208,
    6.602588681861063,
    -4.479917638117799,
    0.7538882223620881,
    -2.998169291486958
  ],
  "mobility_w": 39.193872467935805,
  "stable_w": 110.65403494222183,
  "__meta__": {
    "schema": 1,
    "created_at": "2025-09-13T17:34:33.122904Z",
    "episodes_in_run": 800,
    "alpha": 0.01,
    "gamma": 0.99,
    "epsilon": 0.2,
    "alpha_decay": 1.0,
    "eps_decay": 0.995,
    "reward": "winloss",
    "random_openings": 6,
    "l2": 0.0001,
    "clip_params": null,
    "normalize_features": true,
    "pos_scale": 4.0,
    "mob_scale": 20.0,
    "stab_scale": 28.0,
    "resumed_from": "weights/latest.json",
    "tag": null
  }
}