{
  "pos": [
    -127.16445759607646,
    -19.63438043770039,
    -76.92605847187559,
    133.13205640496784,
    -52.764556985026914,
    159.66781117984368,
    5.079585681603486,
    -62.92864173038115,
    -52.134930347245444,
    -74.04861908914314,
    -27.289094719735996,
    -41.7903309586078,
    -46.08246968821799,
    25.87385375686323,
    4.1319674452663335,
    0.37843159005072285
  ],
  "mobility_w": 321.4042508062735,
  "stable_w": 1769.0515926644175,
  "__meta__": {
    "schema": 1,
    "created_at": "2025-09-13T20:44:08.056535Z",
    "episodes_in_run": 800,
    "alpha": 0.01,
    "gamma": 0.99,
    "epsilon": 0.2,
    "alpha_decay": 1.0,
    "eps_decay": 0.995,
    "reward": "winloss",
    "random_openings": 6,
    "l2": 0.0001,
    "clip_params": null,
    "normalize_features": true,
    "pos_scale": 4.0,
    "mob_scale": 20.0,
    "stab_scale": 28.0,
    "resumed_from": "weights/latest.json",
    "tag": null
  }
}