{
  "pos": [
    90.23536292508561,
    -291.07677658807285,
    -189.5077876385787,
    16.42238475835359,
    -245.0227460981197,
    -11.892257156766119,
    73.67534047764434,
    29.43566017356741,
    -73.9171599325469,
    14.74446794557213,
    -52.90479881799734,
    98.6849517853924,
    -28.35869786564919,
    -72.6876447652842,
    62.45956755640361,
    -54.55939762956571
  ],
  "mobility_w": 441.40703010435345,
  "stable_w": 1989.7993818770449,
  "__meta__": {
    "schema": 1,
    "created_at": "2025-09-13T20:33:58.109806Z",
    "episodes_in_run": 800,
    "alpha": 0.01,
    "gamma": 0.99,
    "epsilon": 0.2,
    "alpha_decay": 1.0,
    "eps_decay": 0.995,
    "reward": "winloss",
    "random_openings": 6,
    "l2": 0.0001,
    "clip_params": null,
    "normalize_features": true,
    "pos_scale": 4.0,
    "mob_scale": 20.0,
    "stab_scale": 28.0,
    "resumed_from": "weights/latest.json",
    "tag": null
  }
}