{
  "pos": [
    19.38798705715595,
    -0.7478837054978467,
    -7.755329029175769,
    6.8178221760246105,
    -13.311523375337442,
    -0.4720416133566478,
    0.08155030439408575,
    -11.298440338460278,
    -5.410865487608967,
    -0.15104098836739135,
    -0.3713645861858073,
    1.2526485071628244,
    9.579900729453346,
    -1.805087053849511,
    0.6614040995042576,
    -1.2217386192843678
  ],
  "mobility_w": 37.77816811462911,
  "stable_w": 80.23900656300779,
  "__meta__": {
    "schema": 1,
    "created_at": "2025-09-13T17:25:40.215335Z",
    "episodes_in_run": 800,
    "alpha": 0.01,
    "gamma": 0.99,
    "epsilon": 0.2,
    "alpha_decay": 1.0,
    "eps_decay": 0.995,
    "reward": "winloss",
    "random_openings": 6,
    "l2": 0.0001,
    "clip_params": null,
    "normalize_features": true,
    "pos_scale": 4.0,
    "mob_scale": 20.0,
    "stab_scale": 28.0,
    "resumed_from": "weights/latest.json",
    "tag": null
  }
}