{
  "pos": [
    -9.271688506634781,
    -5.816578793174025,
    8.556242315819295,
    -3.056067516383693,
    -4.480862713198342,
    -0.6948129497925893,
    -8.998261427059235,
    -3.1413416312838254,
    1.7519952000007013,
    3.3683581357841845,
    12.096104116926412,
    0.8384273927254889,
    8.269505138479145,
    1.9612006066488332,
    -4.588737221332173,
    -6.8053379336400415
  ],
  "mobility_w": 38.3234370946359,
  "stable_w": 184.36756268100166,
  "__meta__": {
    "schema": 1,
    "created_at": "2025-09-13T18:10:56.196745Z",
    "episodes_in_run": 800,
    "alpha": 0.01,
    "gamma": 0.99,
    "epsilon": 0.2,
    "alpha_decay": 1.0,
    "eps_decay": 0.995,
    "reward": "winloss",
    "random_openings": 6,
    "l2": 0.0001,
    "clip_params": null,
    "normalize_features": true,
    "pos_scale": 4.0,
    "mob_scale": 20.0,
    "stab_scale": 28.0,
    "resumed_from": "weights/latest.json",
    "tag": null
  }
}