{
  "pos": [
    -20.30584648902274,
    -14.243739362802653,
    -20.235878004253813,
    1.627933716813706,
    21.324209414934252,
    -6.041648454377723,
    0.5854418655101792,
    -2.4852833024037446,
    -42.45503583238173,
    5.162176308677864,
    6.0925171720209885,
    7.2373611174836245,
    1.4235510472195654,
    3.3552728342766707,
    -0.3761221961312461,
    -3.655761364327779
  ],
  "mobility_w": 68.25889406362315,
  "stable_w": 339.753427995841,
  "__meta__": {
    "schema": 1,
    "created_at": "2025-09-13T18:39:16.561207Z",
    "episodes_in_run": 800,
    "alpha": 0.01,
    "gamma": 0.99,
    "epsilon": 0.2,
    "alpha_decay": 1.0,
    "eps_decay": 0.995,
    "reward": "winloss",
    "random_openings": 6,
    "l2": 0.0001,
    "clip_params": null,
    "normalize_features": true,
    "pos_scale": 4.0,
    "mob_scale": 20.0,
    "stab_scale": 28.0,
    "resumed_from": "weights/latest.json",
    "tag": null
  }
}