{
  "pos": [
    0.14464986585911901,
    0.024224783430038463,
    0.029434429272372185,
    0.01989708102613658,
    0.0190211463054331,
    0.012320658409793989,
    -0.00019129643380744028,
    0.005050575264214317,
    0.026127532890639904,
    0.0008918754248277679,
    0.001734082151107003,
    0.004690097184576348,
    0.021644143202247033,
    0.0008472975596231432,
    0.013041011951463954,
    0.004342132322080797
  ],
  "mobility_w": 0.01880536810872372,
  "stable_w": 0.02862810739836563
}