{
  "pos": [
    0.13730368630479606,
    0.02303135531698063,
    0.032083610451016216,
    0.024217541814210184,
    0.029562384115887394,
    0.004803854388544781,
    0.006531496281455803,
    0.01088231431559259,
    0.027974873825083117,
    0.010243827492381017,
    0.01493697086065156,
    0.009387788566571317,
    0.024315962234621524,
    0.011515988415486626,
    0.011617469726703019,
    0.006848365703442997
  ],
  "mobility_w": 0.02302558816170884,
  "stable_w": 0.03167919376845152
}