{
  "pos": [
    0.1449502814504457,
    0.01988837034607258,
    0.024069321514243097,
    0.01651960691288328,
    0.014564763658423194,
    0.006600931092200621,
    -0.004278127046653034,
    0.0019771335321212354,
    0.019796434144669625,
    -0.0036111898242653134,
    0.003994321532984245,
    0.008663103251477927,
    0.01781519286277065,
    1.4108036421828018e-05,
    0.009015993577691712,
    -0.0008668157008528638
  ],
  "mobility_w": 0.01974770070716657,
  "stable_w": 0.019559425164375262
}