{
  "pos": [
    0.15578898260807977,
    0.016590676760831247,
    0.025749606863531577,
    0.01880290532354607,
    0.02237292385516774,
    0.015931295699675073,
    -0.0020857673080052195,
    0.011078062268534451,
    0.025292430183735073,
    -0.003752002418078207,
    0.0007590928787385248,
    0.010234274885945575,
    0.02032043819912112,
    0.006600883983030485,
    0.010325227484753447,
    0.005859797805479004
  ],
  "mobility_w": 0.017192381856987564,
  "stable_w": 0.0231317984667817
}