{
  "pos": [
    0.07371078753633681,
    0.039230332229996535,
    0.02196898581630798,
    0.028791710575871404,
    0.041687689164930264,
    0.0038813293993235913,
    -0.0001703982707857625,
    0.01877531530679021,
    0.015251008056601144,
    0.0020441717006106914,
    0.009038713462991736,
    0.008558130872505135,
    0.01644243892482031,
    0.0138480273939484,
    0.011059297449389521,
    0.002002853823063911
  ],
  "mobility_w": 0.023389027052748403,
  "stable_w": 0.024018195698856434
}