{
  "pos": [
    0.08380160696584217,
    0.02899270454759358,
    0.007337483954742569,
    0.02317319730202724,
    0.039239118900183216,
    0.006000935659714995,
    0.00879591567728209,
    0.0022867330074526735,
    0.022043095564269522,
    0.002331675489138353,
    0.019429689318581377,
    0.006039161132565011,
    0.01674922891035285,
    0.01120193325942022,
    0.011616848528023674,
    0.0011812587135778866
  ],
  "mobility_w": 0.020524076834546132,
  "stable_w": 0.021018295156951045
}