{
  "pos": [
    0.13363633841231867,
    0.022844939692464577,
    0.030794400553242215,
    0.022088685483348358,
    0.027499865719911462,
    -0.0006147879251816113,
    0.0045228197036718655,
    0.008659873725442442,
    0.024004611290533096,
    0.007717011671812564,
    0.010963643537906794,
    0.00923591617318273,
    0.020815753025265362,
    0.010273894710903668,
    0.0074158867182860765,
    0.0036990816704171067
  ],
  "mobility_w": 0.01980229944638237,
  "stable_w": 0.030550793956246207
}