{
  "pos": [
    0.13647890823640188,
    0.02270671279428364,
    0.025133372220280642,
    0.020511079713081422,
    0.01606643298768462,
    0.006430897751956145,
    0.005462217238574789,
    0.00886724332891379,
    0.024835414836473436,
    0.0022147682727807444,
    0.014519469873186077,
    0.008701086626161309,
    0.016712153582855355,
    0.008312958678563374,
    0.006590794602729995,
    0.00023953668391247577
  ],
  "mobility_w": 0.015393576242233236,
  "stable_w": 0.018246826549515226
}