{
  "pos": [
    0.13566844456333188,
    0.01965021423067083,
    0.02662561319962078,
    0.017692210721915486,
    0.02617034928340528,
    0.002083193418407164,
    0.0072304497207373655,
    0.011676437111235385,
    0.028706516096172533,
    0.003716664393113513,
    0.013750323643279756,
    0.011702254223674532,
    0.024148012152317884,
    0.007888425373067104,
    0.009789242943710119,
    0.002851913315389391
  ],
  "mobility_w": 0.021437127787030153,
  "stable_w": 0.025986206378502977
}