{
  "pos": [
    0.6756364042373841,
    -0.05572386795691531,
    0.04461028722305053,
    0.0250512293411148,
    -0.06624807467130595,
    -0.03393036874162112,
    -0.00896093648168396,
    -0.0307244255233185,
    0.01464229289598019,
    -0.011272588913240983,
    0.005735194185653091,
    0.0011488964522849991,
    0.012004719876078287,
    -0.015525566764627513,
    0.014250481374752226,
    -0.04740442633674619
  ],
  "mobility_w": 0.19222365868956476,
  "stable_w": 0.7591331132752785,
  "__meta__": {
    "schema": 1,
    "created_at": "2025-09-13T10:15:52.451541Z",
    "episodes_in_run": 1000,
    "alpha": 0.0036769542477096333,
    "gamma": 0.99,
    "epsilon": 0.0013307937157663943,
    "alpha_decay": 0.999,
    "eps_decay": 0.995,
    "reward": "winloss",
    "random_openings": 6,
    "l2": 0.0001,
    "clip_params": 1.0,
    "normalize_features": true,
    "pos_scale": 4.0,
    "mob_scale": 20.0,
    "stab_scale": 28.0,
    "resumed_from": "weights/latest.json",
    "tag": null
  }
}