{
  "pos": [
    16904.287702151178,
    3809.7425262466613,
    107.60265156495005,
    -4371.192269529058,
    5474.734200283846,
    -3368.5013041781094,
    -2748.8433724652627,
    -1413.4164231399234,
    -4756.239125949105,
    -3824.955147374652,
    2592.4197759352137,
    -1485.3386107073406,
    3405.47324444557,
    -3158.1752959620508,
    4569.514676276937,
    -5744.8161059647655
  ],
  "mobility_w": 29706.01956893363,
  "stable_w": 65224.89945011755,
  "__meta__": {
    "schema": 1,
    "created_at": "2025-09-14T14:29:59.489318Z",
    "episodes_in_run": 800,
    "alpha": 0.01,
    "gamma": 0.99,
    "epsilon": 0.2,
    "alpha_decay": 1.0,
    "eps_decay": 0.995,
    "reward": "winloss",
    "random_openings": 6,
    "l2": 0.0001,
    "clip_params": null,
    "normalize_features": true,
    "pos_scale": 4.0,
    "mob_scale": 20.0,
    "stab_scale": 28.0,
    "resumed_from": "weights/latest.json",
    "tag": null
  }
}