{
  "pos": [
    1501783.5543539785,
    69783.40999242784,
    -510653.1759015745,
    46586.41538390135,
    -627208.0469348265,
    -378950.30809589167,
    -203026.45873226237,
    57329.43152707582,
    517018.6022008911,
    598439.968466282,
    15106.229127651102,
    -168855.0442599599,
    -18828.998330791168,
    174667.56017491262,
    -95915.99189513795,
    165254.39729752453
  ],
  "mobility_w": 2422946.8070507864,
  "stable_w": 4099509.4303175057,
  "__meta__": {
    "schema": 1,
    "created_at": "2025-09-15T17:11:57.815372Z",
    "episodes_in_run": 800,
    "alpha": 0.01,
    "gamma": 0.99,
    "epsilon": 0.2,
    "alpha_decay": 1.0,
    "eps_decay": 0.995,
    "reward": "winloss",
    "random_openings": 6,
    "l2": 0.0001,
    "clip_params": null,
    "normalize_features": true,
    "pos_scale": 4.0,
    "mob_scale": 20.0,
    "stab_scale": 28.0,
    "resumed_from": "weights/latest.json",
    "tag": null
  }
}