{
  "pos": [
    11.197748217626229,
    -42.77583091721359,
    -21.42474741173961,
    26.774296020494354,
    -31.431683784400164,
    13.016223185706304,
    12.439775140924668,
    6.6482997952401695,
    -69.6247848356645,
    35.07711575192929,
    -28.75933439467101,
    3.1141855272238446,
    22.38560414672344,
    7.024870989646265,
    23.35245003760055,
    -15.57636092156197
  ],
  "mobility_w": 118.9672397402334,
  "stable_w": 580.7297849658798,
  "__meta__": {
    "schema": 1,
    "created_at": "2025-09-13T19:26:21.902456Z",
    "episodes_in_run": 800,
    "alpha": 0.01,
    "gamma": 0.99,
    "epsilon": 0.2,
    "alpha_decay": 1.0,
    "eps_decay": 0.995,
    "reward": "winloss",
    "random_openings": 6,
    "l2": 0.0001,
    "clip_params": null,
    "normalize_features": true,
    "pos_scale": 4.0,
    "mob_scale": 20.0,
    "stab_scale": 28.0,
    "resumed_from": "weights/latest.json",
    "tag": null
  }
}