{
  "pos": [
    119271.23549243076,
    -104778.63347551442,
    5148.427841402519,
    -17076.190771729624,
    -225.46798587434128,
    -78839.71114438129,
    4952.760227473414,
    -7652.227466891154,
    16038.820318424696,
    -75767.8877956058,
    -26464.251010899432,
    -29173.160969143475,
    -8210.628311985492,
    -4825.017737234791,
    -29842.125443322533,
    -7620.5267793469775
  ],
  "mobility_w": 255281.53858737028,
  "stable_w": 634752.4265703837,
  "__meta__": {
    "schema": 1,
    "created_at": "2025-09-15T07:11:17.232659Z",
    "episodes_in_run": 800,
    "alpha": 0.01,
    "gamma": 0.99,
    "epsilon": 0.2,
    "alpha_decay": 1.0,
    "eps_decay": 0.995,
    "reward": "winloss",
    "random_openings": 6,
    "l2": 0.0001,
    "clip_params": null,
    "normalize_features": true,
    "pos_scale": 4.0,
    "mob_scale": 20.0,
    "stab_scale": 28.0,
    "resumed_from": "weights/latest.json",
    "tag": null
  }
}