{
  "pos": [
    -24.1823904185372,
    -28.31621714095926,
    -5.863073685528189,
    12.128265642524953,
    -18.8268636846011,
    19.700508712598797,
    -18.972191891371722,
    -7.990408165907404,
    -9.546734977170846,
    7.8658632824410875,
    2.280499088375917,
    9.253675502783985,
    9.057519559406238,
    6.840750652607568,
    3.208676419944413,
    -9.172676161334754
  ],
  "mobility_w": 56.85513490674086,
  "stable_w": 288.60907707361815,
  "__meta__": {
    "schema": 1,
    "created_at": "2025-09-13T18:29:16.956735Z",
    "episodes_in_run": 800,
    "alpha": 0.01,
    "gamma": 0.99,
    "epsilon": 0.2,
    "alpha_decay": 1.0,
    "eps_decay": 0.995,
    "reward": "winloss",
    "random_openings": 6,
    "l2": 0.0001,
    "clip_params": null,
    "normalize_features": true,
    "pos_scale": 4.0,
    "mob_scale": 20.0,
    "stab_scale": 28.0,
    "resumed_from": "weights/latest.json",
    "tag": null
  }
}