{
  "pos": [
    314478.4550202868,
    -26208.142753838976,
    -34304.20186824862,
    15401.169624673237,
    -70969.20639585494,
    -13772.468908900635,
    -16091.67357664819,
    23558.108881497134,
    86213.7899110115,
    33557.960238808264,
    -23192.07711701473,
    -50508.84918319413,
    -66288.0176392871,
    26514.273790137402,
    -19039.125378058623,
    -29854.623926289107
  ],
  "mobility_w": 484914.21411156136,
  "stable_w": 493157.92282587616,
  "__meta__": {
    "schema": 1,
    "created_at": "2025-09-15T08:47:22.157476Z",
    "episodes_in_run": 800,
    "alpha": 0.01,
    "gamma": 0.99,
    "epsilon": 0.2,
    "alpha_decay": 1.0,
    "eps_decay": 0.995,
    "reward": "winloss",
    "random_openings": 6,
    "l2": 0.0001,
    "clip_params": null,
    "normalize_features": true,
    "pos_scale": 4.0,
    "mob_scale": 20.0,
    "stab_scale": 28.0,
    "resumed_from": "weights/latest.json",
    "tag": null
  }
}