{
  "pos": [
    16921.28950581898,
    9685.999950061061,
    3561.7585096805074,
    -4090.556968971684,
    3147.58871998901,
    -4372.838854244912,
    -3294.943729435343,
    -1766.6727869691667,
    -1362.0143573607236,
    -1220.526493421103,
    4213.350192357516,
    1140.4340374501992,
    2787.743469301895,
    -1375.5364600192545,
    3475.1434960295323,
    -1361.8301975119111
  ],
  "mobility_w": 17669.793804975856,
  "stable_w": 24020.66113040853,
  "__meta__": {
    "schema": 1,
    "created_at": "2025-09-14T12:20:56.353832Z",
    "episodes_in_run": 800,
    "alpha": 0.01,
    "gamma": 0.99,
    "epsilon": 0.2,
    "alpha_decay": 1.0,
    "eps_decay": 0.995,
    "reward": "winloss",
    "random_openings": 6,
    "l2": 0.0001,
    "clip_params": null,
    "normalize_features": true,
    "pos_scale": 4.0,
    "mob_scale": 20.0,
    "stab_scale": 28.0,
    "resumed_from": "weights/latest.json",
    "tag": null
  }
}