{
  "pos": [
    10054.780324256562,
    -4737.274164175427,
    -1963.7682758810533,
    1248.106074785893,
    -599.8902765826365,
    -1265.5669306018735,
    1749.9871979517588,
    -947.6329884247065,
    1455.5078361666422,
    222.2947460299978,
    -2211.302665631974,
    1141.1770441179822,
    -1675.0975936406926,
    54.31657688342478,
    -15.927266042133965,
    112.77138138035639
  ],
  "mobility_w": 7036.073760771076,
  "stable_w": 19033.470655256348,
  "__meta__": {
    "schema": 1,
    "created_at": "2025-09-14T10:26:16.059458Z",
    "episodes_in_run": 800,
    "alpha": 0.01,
    "gamma": 0.99,
    "epsilon": 0.2,
    "alpha_decay": 1.0,
    "eps_decay": 0.995,
    "reward": "winloss",
    "random_openings": 6,
    "l2": 0.0001,
    "clip_params": null,
    "normalize_features": true,
    "pos_scale": 4.0,
    "mob_scale": 20.0,
    "stab_scale": 28.0,
    "resumed_from": "weights/latest.json",
    "tag": null
  }
}