{
  "pos": [
    6702.398977722432,
    17214.103217390584,
    -2085.5556721955545,
    -13905.084009379621,
    -5676.776095141802,
    -10469.277076601382,
    732.3559643704998,
    3810.655608202244,
    -7954.113704146316,
    -3194.4258359929167,
    -5271.496752006017,
    3737.4204716158806,
    -1501.3155303198898,
    1825.355568654105,
    3966.6404030613876,
    -10.961924114742827
  ],
  "mobility_w": 43331.10821087581,
  "stable_w": 119067.47081993236,
  "__meta__": {
    "schema": 1,
    "created_at": "2025-09-15T01:05:05.126962Z",
    "episodes_in_run": 800,
    "alpha": 0.01,
    "gamma": 0.99,
    "epsilon": 0.2,
    "alpha_decay": 1.0,
    "eps_decay": 0.995,
    "reward": "winloss",
    "random_openings": 6,
    "l2": 0.0001,
    "clip_params": null,
    "normalize_features": true,
    "pos_scale": 4.0,
    "mob_scale": 20.0,
    "stab_scale": 28.0,
    "resumed_from": "weights/latest.json",
    "tag": null
  }
}