{
  "pos": [
    4996.684579457276,
    -1420.5385509968344,
    -407.4988519260004,
    1435.8529785807602,
    129.74257157535365,
    627.3119694679265,
    309.74455135992275,
    454.8288975173166,
    532.8186633486638,
    934.0864608850892,
    -1237.9938846335913,
    755.0070176168233,
    -917.5964838623611,
    -245.86549382499317,
    504.8449591331328,
    -738.3683400013402
  ],
  "mobility_w": 5325.969979244989,
  "stable_w": 9256.388201492071,
  "__meta__": {
    "schema": 1,
    "created_at": "2025-09-14T09:15:09.718524Z",
    "episodes_in_run": 800,
    "alpha": 0.01,
    "gamma": 0.99,
    "epsilon": 0.2,
    "alpha_decay": 1.0,
    "eps_decay": 0.995,
    "reward": "winloss",
    "random_openings": 6,
    "l2": 0.0001,
    "clip_params": null,
    "normalize_features": true,
    "pos_scale": 4.0,
    "mob_scale": 20.0,
    "stab_scale": 28.0,
    "resumed_from": "weights/latest.json",
    "tag": null
  }
}