{
  "pos": [
    597832.073781133,
    -53206.053244022325,
    -55506.18702631163,
    -29355.607366340242,
    -78207.3200743099,
    -85936.4896339159,
    1463.8812974986238,
    -40209.05451720638,
    -152557.42017929626,
    38711.57761276771,
    -6871.8880011190995,
    -4446.64611270401,
    -45597.68241187843,
    15974.174779009472,
    -29995.21090855674,
    -56693.170166476855
  ],
  "mobility_w": 693894.4000651321,
  "stable_w": 937205.7243963508,
  "__meta__": {
    "schema": 1,
    "created_at": "2025-09-15T11:45:01.842312Z",
    "episodes_in_run": 800,
    "alpha": 0.01,
    "gamma": 0.99,
    "epsilon": 0.2,
    "alpha_decay": 1.0,
    "eps_decay": 0.995,
    "reward": "winloss",
    "random_openings": 6,
    "l2": 0.0001,
    "clip_params": null,
    "normalize_features": true,
    "pos_scale": 4.0,
    "mob_scale": 20.0,
    "stab_scale": 28.0,
    "resumed_from": "weights/latest.json",
    "tag": null
  }
}