{
  "pos": [
    10859.076689795542,
    1651.5732906679111,
    -596.1897834927654,
    818.7297846574701,
    -6968.2730961670895,
    1667.0603949896843,
    -1276.5111671312486,
    -1182.136641894132,
    5792.571836571888,
    -26.13560282778248,
    1413.2647498972808,
    22.20156537879717,
    2418.263716055144,
    -3162.325420487155,
    2336.2538913908625,
    334.45910178360015
  ],
  "mobility_w": 8822.717781574855,
  "stable_w": 27030.739300171343,
  "__meta__": {
    "schema": 1,
    "created_at": "2025-09-14T11:38:15.094520Z",
    "episodes_in_run": 800,
    "alpha": 0.01,
    "gamma": 0.99,
    "epsilon": 0.2,
    "alpha_decay": 1.0,
    "eps_decay": 0.995,
    "reward": "winloss",
    "random_openings": 6,
    "l2": 0.0001,
    "clip_params": null,
    "normalize_features": true,
    "pos_scale": 4.0,
    "mob_scale": 20.0,
    "stab_scale": 28.0,
    "resumed_from": "weights/latest.json",
    "tag": null
  }
}