{
  "pos": [
    481299.4735127271,
    -191631.31332682568,
    -43616.59325388775,
    55273.42069504768,
    -135410.27858255265,
    37094.44749788856,
    -26982.837220930538,
    -25312.708261948566,
    59815.80160363467,
    -25911.291428813693,
    -25526.445526289175,
    -55883.693106054816,
    -62416.137657116684,
    -98206.72953766993,
    30107.44839757984,
    -13114.12289513716
  ],
  "mobility_w": 502670.1990060514,
  "stable_w": 814742.3923854814,
  "__meta__": {
    "schema": 1,
    "created_at": "2025-09-15T09:59:32.335215Z",
    "episodes_in_run": 800,
    "alpha": 0.01,
    "gamma": 0.99,
    "epsilon": 0.2,
    "alpha_decay": 1.0,
    "eps_decay": 0.995,
    "reward": "winloss",
    "random_openings": 6,
    "l2": 0.0001,
    "clip_params": null,
    "normalize_features": true,
    "pos_scale": 4.0,
    "mob_scale": 20.0,
    "stab_scale": 28.0,
    "resumed_from": "weights/latest.json",
    "tag": null
  }
}