{
  "pos": [
    169670.58316553442,
    -37148.4934927408,
    -90720.44336217987,
    97010.6129716418,
    -34053.97490994352,
    -110751.73959975487,
    -32626.13123148809,
    6277.582110522684,
    -4683.287005365604,
    21554.540065554087,
    -1241.4443577037641,
    -33881.847903627815,
    -39212.08995417549,
    -15880.097791465952,
    -9816.53490051316,
    -40974.04650387964
  ],
  "mobility_w": 422287.1950769054,
  "stable_w": 890874.0993399736,
  "__meta__": {
    "schema": 1,
    "created_at": "2025-09-15T09:25:35.837098Z",
    "episodes_in_run": 800,
    "alpha": 0.01,
    "gamma": 0.99,
    "epsilon": 0.2,
    "alpha_decay": 1.0,
    "eps_decay": 0.995,
    "reward": "winloss",
    "random_openings": 6,
    "l2": 0.0001,
    "clip_params": null,
    "normalize_features": true,
    "pos_scale": 4.0,
    "mob_scale": 20.0,
    "stab_scale": 28.0,
    "resumed_from": "weights/latest.json",
    "tag": null
  }
}