{
  "pos": [
    -1.5304273711243284,
    -14.685859978915238,
    -6.67037636163389,
    12.201732441266302,
    -20.150998657666065,
    7.968702602847072,
    -1.6675371176832898,
    -8.416748565133014,
    3.306678656629071,
    1.702585039812324,
    1.7716537256512046,
    -1.2802521447162127,
    -2.721474846640431,
    2.2739121502321202,
    1.889213855305538,
    0.7009484819523617
  ],
  "mobility_w": 36.844091849012365,
  "stable_w": 153.61803622682513,
  "__meta__": {
    "schema": 1,
    "created_at": "2025-09-13T17:52:42.696996Z",
    "episodes_in_run": 800,
    "alpha": 0.01,
    "gamma": 0.99,
    "epsilon": 0.2,
    "alpha_decay": 1.0,
    "eps_decay": 0.995,
    "reward": "winloss",
    "random_openings": 6,
    "l2": 0.0001,
    "clip_params": null,
    "normalize_features": true,
    "pos_scale": 4.0,
    "mob_scale": 20.0,
    "stab_scale": 28.0,
    "resumed_from": "weights/latest.json",
    "tag": null
  }
}