{
  "pos": [
    49510.898150486064,
    -22884.661804066902,
    9906.149504264567,
    -13592.470309301569,
    -4728.023597729514,
    -13656.22638881008,
    5193.874379007998,
    8314.366736849635,
    8641.078129534797,
    500.39083416266624,
    681.7327931612704,
    -3041.019091431,
    -6003.006878726376,
    4563.635850741443,
    -5218.627732690253,
    -2282.7201188233903
  ],
  "mobility_w": 45331.29905333972,
  "stable_w": 118851.0931387453,
  "__meta__": {
    "schema": 1,
    "created_at": "2025-09-15T01:43:29.646738Z",
    "episodes_in_run": 800,
    "alpha": 0.01,
    "gamma": 0.99,
    "epsilon": 0.2,
    "alpha_decay": 1.0,
    "eps_decay": 0.995,
    "reward": "winloss",
    "random_openings": 6,
    "l2": 0.0001,
    "clip_params": null,
    "normalize_features": true,
    "pos_scale": 4.0,
    "mob_scale": 20.0,
    "stab_scale": 28.0,
    "resumed_from": "weights/latest.json",
    "tag": null
  }
}