{
  "pos": [
    474009.13804161566,
    -479087.15313926514,
    156539.74132198183,
    -197335.39287717632,
    -318281.95134368836,
    -209150.3648608402,
    282812.90249050694,
    -151053.0779382629,
    227653.39091967893,
    12711.809341694978,
    -146753.24617583258,
    138624.8245005247,
    -183768.6420632395,
    36036.590970234,
    52375.49707821317,
    -13792.734019273163
  ],
  "mobility_w": 976558.588942605,
  "stable_w": 2975936.4556942997,
  "__meta__": {
    "schema": 1,
    "created_at": "2025-09-15T14:47:02.924490Z",
    "episodes_in_run": 800,
    "alpha": 0.01,
    "gamma": 0.99,
    "epsilon": 0.2,
    "alpha_decay": 1.0,
    "eps_decay": 0.995,
    "reward": "winloss",
    "random_openings": 6,
    "l2": 0.0001,
    "clip_params": null,
    "normalize_features": true,
    "pos_scale": 4.0,
    "mob_scale": 20.0,
    "stab_scale": 28.0,
    "resumed_from": "weights/latest.json",
    "tag": null
  }
}