{
  "pos": [
    173278.83947396424,
    -40117.312093286084,
    -19931.41345259417,
    48225.68648047678,
    -155649.67774531132,
    -6245.996976126239,
    -16960.894538860073,
    2715.8834474702962,
    3422.0435888182665,
    43002.90335615075,
    -27728.853332863153,
    -19396.868097185506,
    -14294.91815386874,
    -7104.175078019781,
    13474.449483448638,
    -19657.073060311464
  ],
  "mobility_w": 178808.45592824175,
  "stable_w": 462523.1533751883,
  "__meta__": {
    "schema": 1,
    "created_at": "2025-09-15T05:57:50.984407Z",
    "episodes_in_run": 800,
    "alpha": 0.01,
    "gamma": 0.99,
    "epsilon": 0.2,
    "alpha_decay": 1.0,
    "eps_decay": 0.995,
    "reward": "winloss",
    "random_openings": 6,
    "l2": 0.0001,
    "clip_params": null,
    "normalize_features": true,
    "pos_scale": 4.0,
    "mob_scale": 20.0,
    "stab_scale": 28.0,
    "resumed_from": "weights/latest.json",
    "tag": null
  }
}