{
  "pos": [
    12.323954270894717,
    -28.968842952645026,
    -32.63153965237655,
    2.519144866301751,
    -14.541126412038881,
    7.781508071755369,
    15.738932259807182,
    -6.785498809581242,
    -31.269500765652577,
    -2.2312478845763857,
    14.442996280482475,
    -1.0058952971551989,
    -8.679002348072094,
    30.77207765547408,
    -12.945397147844862,
    1.9866963246851284
  ],
  "mobility_w": 86.0851049943097,
  "stable_w": 376.92434076749566,
  "__meta__": {
    "schema": 1,
    "created_at": "2025-09-13T18:48:59.100758Z",
    "episodes_in_run": 800,
    "alpha": 0.01,
    "gamma": 0.99,
    "epsilon": 0.2,
    "alpha_decay": 1.0,
    "eps_decay": 0.995,
    "reward": "winloss",
    "random_openings": 6,
    "l2": 0.0001,
    "clip_params": null,
    "normalize_features": true,
    "pos_scale": 4.0,
    "mob_scale": 20.0,
    "stab_scale": 28.0,
    "resumed_from": "weights/latest.json",
    "tag": null
  }
}