{
  "pos": [
    560687.5954847111,
    43781.18300838608,
    91253.0082428979,
    -96230.19880635671,
    -97118.3088298975,
    -76888.08410931671,
    -71357.67653690594,
    -42465.915142627106,
    89663.20314752258,
    100876.27543248014,
    25405.974895493575,
    33579.06199775437,
    -101543.89054791602,
    134247.833566822,
    1076.268272680668,
    -21835.49742988254
  ],
  "mobility_w": 757611.1388191279,
  "stable_w": 786294.6884719554,
  "__meta__": {
    "schema": 1,
    "created_at": "2025-09-15T12:16:37.576446Z",
    "episodes_in_run": 800,
    "alpha": 0.01,
    "gamma": 0.99,
    "epsilon": 0.2,
    "alpha_decay": 1.0,
    "eps_decay": 0.995,
    "reward": "winloss",
    "random_openings": 6,
    "l2": 0.0001,
    "clip_params": null,
    "normalize_features": true,
    "pos_scale": 4.0,
    "mob_scale": 20.0,
    "stab_scale": 28.0,
    "resumed_from": "weights/latest.json",
    "tag": null
  }
}