{
  "pos": [
    88753.55168950516,
    30439.73669714761,
    -3007.5351156100683,
    -4454.097419273909,
    24359.898348262086,
    -9321.553755592156,
    -3640.5977953606885,
    16349.570202664316,
    -11753.329937023394,
    9803.877367824014,
    19262.84545648743,
    -6552.957752977134,
    1296.3344782381785,
    -23830.237619127452,
    22246.077376142166,
    -9822.188896608122
  ],
  "mobility_w": 138267.40529431787,
  "stable_w": 116373.48913042831,
  "__meta__": {
    "schema": 1,
    "created_at": "2025-09-15T03:21:45.639647Z",
    "episodes_in_run": 800,
    "alpha": 0.01,
    "gamma": 0.99,
    "epsilon": 0.2,
    "alpha_decay": 1.0,
    "eps_decay": 0.995,
    "reward": "winloss",
    "random_openings": 6,
    "l2": 0.0001,
    "clip_params": null,
    "normalize_features": true,
    "pos_scale": 4.0,
    "mob_scale": 20.0,
    "stab_scale": 28.0,
    "resumed_from": "weights/latest.json",
    "tag": null
  }
}