{
  "pos": [
    3569.2774629706346,
    -8308.386892011968,
    -2263.434431983546,
    2648.220933571719,
    674.3467846150452,
    -353.67939672557736,
    2410.1096240081574,
    -1780.3812633088457,
    395.38862907853263,
    962.225052295171,
    -1560.4445089655485,
    652.7739808379596,
    -285.2905232046315,
    -94.35572149032424,
    1669.5636175698523,
    -1135.1789073739972
  ],
  "mobility_w": 7942.501109486324,
  "stable_w": 34804.5777231664,
  "__meta__": {
    "schema": 1,
    "created_at": "2025-09-14T11:04:52.083728Z",
    "episodes_in_run": 800,
    "alpha": 0.01,
    "gamma": 0.99,
    "epsilon": 0.2,
    "alpha_decay": 1.0,
    "eps_decay": 0.995,
    "reward": "winloss",
    "random_openings": 6,
    "l2": 0.0001,
    "clip_params": null,
    "normalize_features": true,
    "pos_scale": 4.0,
    "mob_scale": 20.0,
    "stab_scale": 28.0,
    "resumed_from": "weights/latest.json",
    "tag": null
  }
}