{
  "pos": [
    30.740151328223593,
    -3.9458274610227386,
    9.377331966034925,
    -3.3411332196144627,
    -1.3586697327349886,
    -13.199055812258056,
    1.75507879556455,
    -0.282538075922342,
    -5.495330755219282,
    -2.1185911567803357,
    3.6287879789316952,
    -3.551362573479587,
    -3.9072173584703522,
    1.202176279774543,
    -2.975281513331758,
    1.3878406559454406
  ],
  "mobility_w": 28.96232785657375,
  "stable_w": 97.40127156524335,
  "__meta__": {
    "schema": 1,
    "created_at": "2025-09-13T17:43:18.332453Z",
    "episodes_in_run": 800,
    "alpha": 0.01,
    "gamma": 0.99,
    "epsilon": 0.2,
    "alpha_decay": 1.0,
    "eps_decay": 0.995,
    "reward": "winloss",
    "random_openings": 6,
    "l2": 0.0001,
    "clip_params": null,
    "normalize_features": true,
    "pos_scale": 4.0,
    "mob_scale": 20.0,
    "stab_scale": 28.0,
    "resumed_from": "weights/latest.json",
    "tag": null
  }
}