{
  "pos": [
    475.6749200757043,
    -303.9856670035707,
    -182.86641316314237,
    109.22620843257106,
    -802.2172315569954,
    528.4570372404012,
    45.23853004634198,
    -266.9422568035176,
    -35.12618760402168,
    516.6898335788019,
    89.15685408017183,
    202.29618836952173,
    530.9291318045312,
    -326.5424468387243,
    125.74477287546542,
    -263.7995615575399
  ],
  "mobility_w": 3816.037237915618,
  "stable_w": 5473.978873750053,
  "__meta__": {
    "schema": 1,
    "created_at": "2025-09-14T05:54:07.854887Z",
    "episodes_in_run": 800,
    "alpha": 0.01,
    "gamma": 0.99,
    "epsilon": 0.2,
    "alpha_decay": 1.0,
    "eps_decay": 0.995,
    "reward": "winloss",
    "random_openings": 6,
    "l2": 0.0001,
    "clip_params": null,
    "normalize_features": true,
    "pos_scale": 4.0,
    "mob_scale": 20.0,
    "stab_scale": 28.0,
    "resumed_from": "weights/latest.json",
    "tag": null
  }
}