{
  "pos": [
    -14.452745458593695,
    4.874997466554133,
    -15.304088288099198,
    13.685241749916665,
    7.165641908772141,
    6.390521268427251,
    -11.793061941796724,
    -3.4134142490933157,
    -1.5844649112758864,
    -7.766546533130677,
    6.794145829290967,
    5.669196671325858,
    6.017091601605502,
    4.830114847009694,
    3.4341463668135623,
    -6.095193432799491
  ],
  "mobility_w": 45.087136964994436,
  "stable_w": 202.12022108259927,
  "__meta__": {
    "schema": 1,
    "created_at": "2025-09-13T18:19:37.045344Z",
    "episodes_in_run": 800,
    "alpha": 0.01,
    "gamma": 0.99,
    "epsilon": 0.2,
    "alpha_decay": 1.0,
    "eps_decay": 0.995,
    "reward": "winloss",
    "random_openings": 6,
    "l2": 0.0001,
    "clip_params": null,
    "normalize_features": true,
    "pos_scale": 4.0,
    "mob_scale": 20.0,
    "stab_scale": 28.0,
    "resumed_from": "weights/latest.json",
    "tag": null
  }
}