{
  "pos": [
    216368.5812147326,
    -83176.501901778,
    -6678.246327736568,
    64714.099605668176,
    5091.135410963614,
    -57443.17829378098,
    40495.12467619243,
    -5570.71372940817,
    24347.96613056641,
    30563.4580239142,
    -36341.42363437185,
    -11248.051453390188,
    -48318.26195647085,
    18941.581457614742,
    -11396.66176442651,
    -26529.754512450578
  ],
  "mobility_w": 542235.9955915232,
  "stable_w": 434434.733245725,
  "__meta__": {
    "schema": 1,
    "created_at": "2025-09-15T08:19:50.693617Z",
    "episodes_in_run": 800,
    "alpha": 0.01,
    "gamma": 0.99,
    "epsilon": 0.2,
    "alpha_decay": 1.0,
    "eps_decay": 0.995,
    "reward": "winloss",
    "random_openings": 6,
    "l2": 0.0001,
    "clip_params": null,
    "normalize_features": true,
    "pos_scale": 4.0,
    "mob_scale": 20.0,
    "stab_scale": 28.0,
    "resumed_from": "weights/latest.json",
    "tag": null
  }
}