{
  "pos": [
    27.99034264254577,
    -32.282636919941304,
    0.22146129227677228,
    4.485985190349001,
    -26.25006292128441,
    -3.8425905487732086,
    -2.2833326811496386,
    -1.9758566177186287,
    3.457229165280726,
    0.39617032789457607,
    0.8748538163218783,
    -0.7672034220083909,
    -0.5929530774809283,
    -3.384697721270929,
    0.1300578864383912,
    -2.823443889228998
  ],
  "mobility_w": 27.587229568299254,
  "stable_w": 88.66559809368259,
  "__meta__": {
    "schema": 1,
    "created_at": "2025-09-13T16:24:14.316733Z",
    "episodes_in_run": 800,
    "alpha": 0.01,
    "gamma": 0.99,
    "epsilon": 0.2,
    "alpha_decay": 1.0,
    "eps_decay": 0.995,
    "reward": "winloss",
    "random_openings": 6,
    "l2": 0.0001,
    "clip_params": null,
    "normalize_features": true,
    "pos_scale": 4.0,
    "mob_scale": 20.0,
    "stab_scale": 28.0,
    "resumed_from": "weights/latest.json",
    "tag": null
  }
}