{
  "pos": [
    0.6191695242394891,
    0.036148515760898704,
    0.043536427666615835,
    0.011378133146060657,
    0.04986129196473156,
    -0.01800502198786708,
    -0.009216734551855883,
    -0.01842159640619299,
    0.0460359465783683,
    -0.030035217423352883,
    0.017940779214757084,
    -0.004719699026019606,
    0.03235559629499864,
    -0.001975244801942125,
    0.01995464132754816,
    -0.022213729529307138
  ],
  "mobility_w": 0.1718722357840079,
  "stable_w": 0.5652444823738503,
  "__meta__": {
    "schema": 1,
    "created_at": "2025-09-13T08:38:47.181383Z",
    "episodes_in_run": 1000,
    "alpha": 0.0036769542477096333,
    "gamma": 0.99,
    "epsilon": 0.0013307937157663943,
    "alpha_decay": 0.999,
    "eps_decay": 0.995,
    "reward": "winloss",
    "random_openings": 6,
    "l2": 0.0001,
    "clip_params": 1.0,
    "normalize_features": true,
    "pos_scale": 4.0,
    "mob_scale": 20.0,
    "stab_scale": 28.0,
    "resumed_from": null,
    "tag": null
  }
}