{
  "pos": [
    47058.4677977244,
    -22378.83738608524,
    -7422.980052342986,
    3122.396766390808,
    -11668.83700179249,
    19548.790416807315,
    -8308.35486787751,
    1257.8479473863206,
    -207.29158076602613,
    16218.567447527741,
    -7604.769406975975,
    -9380.083048517112,
    9310.831204883445,
    -18667.05381196089,
    6498.260489626026,
    -1691.9191461610092
  ],
  "mobility_w": 87625.46893123619,
  "stable_w": 192588.07882372322,
  "__meta__": {
    "schema": 1,
    "created_at": "2025-09-15T02:44:39.453660Z",
    "episodes_in_run": 800,
    "alpha": 0.01,
    "gamma": 0.99,
    "epsilon": 0.2,
    "alpha_decay": 1.0,
    "eps_decay": 0.995,
    "reward": "winloss",
    "random_openings": 6,
    "l2": 0.0001,
    "clip_params": null,
    "normalize_features": true,
    "pos_scale": 4.0,
    "mob_scale": 20.0,
    "stab_scale": 28.0,
    "resumed_from": "weights/latest.json",
    "tag": null
  }
}