{
  "pos": [
    72864.17495400687,
    1420.407546396,
    14345.647636528669,
    255.86523665985487,
    56188.3312330891,
    -58786.40036016976,
    -561.6434579678652,
    -19752.823862093068,
    -48292.21750501134,
    -9592.161855054801,
    7048.582584725804,
    -7647.385807708896,
    17951.661500183476,
    6864.764257552555,
    -8571.78830295435,
    3702.0004450484025
  ],
  "mobility_w": 117948.15617281967,
  "stable_w": 311998.6981456359,
  "__meta__": {
    "schema": 1,
    "created_at": "2025-09-15T04:38:55.445975Z",
    "episodes_in_run": 800,
    "alpha": 0.01,
    "gamma": 0.99,
    "epsilon": 0.2,
    "alpha_decay": 1.0,
    "eps_decay": 0.995,
    "reward": "winloss",
    "random_openings": 6,
    "l2": 0.0001,
    "clip_params": null,
    "normalize_features": true,
    "pos_scale": 4.0,
    "mob_scale": 20.0,
    "stab_scale": 28.0,
    "resumed_from": "weights/latest.json",
    "tag": null
  }
}