{
  "pos": [
    235.67129362053018,
    -184.86338178801205,
    -60.71258927311786,
    -86.9197590981442,
    -47.432210491136296,
    -45.012100250595445,
    50.97453870443151,
    11.105999003141493,
    -60.86172280767294,
    -26.73857418716393,
    -5.090371822618665,
    15.62799800031306,
    -61.03317261452274,
    -18.90175088215501,
    27.752649078779026,
    -2.8640581593428345
  ],
  "mobility_w": 231.19033821211437,
  "stable_w": 1265.925880715452,
  "__meta__": {
    "schema": 1,
    "created_at": "2025-09-13T20:14:11.104818Z",
    "episodes_in_run": 800,
    "alpha": 0.01,
    "gamma": 0.99,
    "epsilon": 0.2,
    "alpha_decay": 1.0,
    "eps_decay": 0.995,
    "reward": "winloss",
    "random_openings": 6,
    "l2": 0.0001,
    "clip_params": null,
    "normalize_features": true,
    "pos_scale": 4.0,
    "mob_scale": 20.0,
    "stab_scale": 28.0,
    "resumed_from": "weights/latest.json",
    "tag": null
  }
}