{
  "pos": [
    7.774664918060932,
    -7.9590555545294395,
    15.852506782403315,
    -0.48735208263469365,
    -4.818338203135991,
    11.331704905891623,
    -9.488244513565121,
    0.4491112555286054,
    -6.3388500031846755,
    3.4215326445492567,
    2.031412521519882,
    -0.676061510480617,
    12.433974622120756,
    -4.191464366332418,
    2.592427351066737,
    -2.388009298258729
  ],
  "mobility_w": 44.57818961978663,
  "stable_w": 132.29716711785363,
  "__meta__": {
    "schema": 1,
    "created_at": "2025-09-13T18:01:46.525421Z",
    "episodes_in_run": 800,
    "alpha": 0.01,
    "gamma": 0.99,
    "epsilon": 0.2,
    "alpha_decay": 1.0,
    "eps_decay": 0.995,
    "reward": "winloss",
    "random_openings": 6,
    "l2": 0.0001,
    "clip_params": null,
    "normalize_features": true,
    "pos_scale": 4.0,
    "mob_scale": 20.0,
    "stab_scale": 28.0,
    "resumed_from": "weights/latest.json",
    "tag": null
  }
}