{
  "pos": [
    -236.81399153235085,
    -1819.9916363085267,
    -245.7233294917574,
    -74.21375549737017,
    -2353.102272940851,
    175.70222035616777,
    50.911658985587465,
    3.0691660444988127,
    225.11534693062427,
    357.86341024004184,
    -386.54174572711406,
    69.40988134684464,
    -66.06428469273345,
    -473.61600905032543,
    426.1501623859204,
    -80.08891306550797
  ],
  "mobility_w": 2918.530187733701,
  "stable_w": 8932.064484362343,
  "__meta__": {
    "schema": 1,
    "created_at": "2025-09-14T05:09:33.939498Z",
    "episodes_in_run": 800,
    "alpha": 0.01,
    "gamma": 0.99,
    "epsilon": 0.2,
    "alpha_decay": 1.0,
    "eps_decay": 0.995,
    "reward": "winloss",
    "random_openings": 6,
    "l2": 0.0001,
    "clip_params": null,
    "normalize_features": true,
    "pos_scale": 4.0,
    "mob_scale": 20.0,
    "stab_scale": 28.0,
    "resumed_from": "weights/latest.json",
    "tag": null
  }
}