{
  "pos": [
    50833.55867525419,
    -9537.170853372803,
    10813.50644047583,
    -14114.61985480257,
    -2889.7982353146085,
    -8368.598486923962,
    1579.144975898512,
    7883.126382904639,
    4059.628211557449,
    1621.121152303082,
    1328.8741499988569,
    -8155.571466393723,
    6623.060950467325,
    -2905.6428480319296,
    1520.331151655929,
    7440.242473715956
  ],
  "mobility_w": 61897.106690261055,
  "stable_w": 126221.96886291995,
  "__meta__": {
    "schema": 1,
    "created_at": "2025-09-15T02:08:24.959726Z",
    "episodes_in_run": 800,
    "alpha": 0.01,
    "gamma": 0.99,
    "epsilon": 0.2,
    "alpha_decay": 1.0,
    "eps_decay": 0.995,
    "reward": "winloss",
    "random_openings": 6,
    "l2": 0.0001,
    "clip_params": null,
    "normalize_features": true,
    "pos_scale": 4.0,
    "mob_scale": 20.0,
    "stab_scale": 28.0,
    "resumed_from": "weights/latest.json",
    "tag": null
  }
}