{
  "pos": [
    5756.13707210075,
    -20991.146869408723,
    33038.44267242453,
    -14068.64914728475,
    -169853.41796033893,
    19115.105240745685,
    -28116.47988225158,
    4149.145390401555,
    13651.185281676653,
    -33767.471366522244,
    -24676.691328174897,
    -5606.315933234783,
    31856.74976870954,
    -63528.57540243034,
    23813.217509002534,
    -13169.232740298668
  ],
  "mobility_w": 243681.6288612357,
  "stable_w": 643560.816402882,
  "__meta__": {
    "schema": 1,
    "created_at": "2025-09-15T06:30:36.793502Z",
    "episodes_in_run": 800,
    "alpha": 0.01,
    "gamma": 0.99,
    "epsilon": 0.2,
    "alpha_decay": 1.0,
    "eps_decay": 0.995,
    "reward": "winloss",
    "random_openings": 6,
    "l2": 0.0001,
    "clip_params": null,
    "normalize_features": true,
    "pos_scale": 4.0,
    "mob_scale": 20.0,
    "stab_scale": 28.0,
    "resumed_from": "weights/latest.json",
    "tag": null
  }
}