{
  "pos": [
    -403.87346658271696,
    -1395.0510794795905,
    -123.801636246392,
    -254.66824842465311,
    -543.7777734883296,
    -409.53620803346683,
    169.88409276197393,
    -122.3659546714795,
    -476.0002403685205,
    -33.134383335806525,
    -130.68862949512086,
    106.54846453114834,
    160.4514923354722,
    -231.92263784474366,
    -83.2090914234218,
    -101.75320264197178
  ],
  "mobility_w": 1808.926141345359,
  "stable_w": 7812.600740891479,
  "__meta__": {
    "schema": 1,
    "created_at": "2025-09-14T04:26:38.160166Z",
    "episodes_in_run": 800,
    "alpha": 0.01,
    "gamma": 0.99,
    "epsilon": 0.2,
    "alpha_decay": 1.0,
    "eps_decay": 0.995,
    "reward": "winloss",
    "random_openings": 6,
    "l2": 0.0001,
    "clip_params": null,
    "normalize_features": true,
    "pos_scale": 4.0,
    "mob_scale": 20.0,
    "stab_scale": 28.0,
    "resumed_from": "weights/latest.json",
    "tag": null
  }
}