{
  "pos": [
    11295.63689282721,
    1413.493379044404,
    -3684.9402754230878,
    -4519.674584180096,
    -2902.0039326840692,
    -3093.097742978178,
    -905.2714051042087,
    -373.7745366209652,
    4232.311514742942,
    -2952.178237642075,
    -1852.2781337275828,
    632.4627163506508,
    3348.092366123366,
    -7389.153043628187,
    5569.7059476641125,
    -3323.810243307044
  ],
  "mobility_w": 16482.51408517309,
  "stable_w": 60543.79862681753,
  "__meta__": {
    "schema": 1,
    "created_at": "2025-09-14T13:32:28.529892Z",
    "episodes_in_run": 800,
    "alpha": 0.01,
    "gamma": 0.99,
    "epsilon": 0.2,
    "alpha_decay": 1.0,
    "eps_decay": 0.995,
    "reward": "winloss",
    "random_openings": 6,
    "l2": 0.0001,
    "clip_params": null,
    "normalize_features": true,
    "pos_scale": 4.0,
    "mob_scale": 20.0,
    "stab_scale": 28.0,
    "resumed_from": "weights/latest.json",
    "tag": null
  }
}