{
  "pos": [
    -83.70607788782344,
    13.951749902067876,
    -41.83727203128057,
    22.87727901741036,
    -38.16374641835581,
    44.80868764674213,
    11.251765805750585,
    4.750805465392682,
    -20.12241971602709,
    -11.351718359694997,
    -2.782903961217316,
    23.283502257528163,
    -6.19800680318152,
    15.32461463596675,
    4.9463557150844855,
    -22.057313989803937
  ],
  "mobility_w": 189.91861050984704,
  "stable_w": 692.9085422054256,
  "__meta__": {
    "schema": 1,
    "created_at": "2025-09-13T19:35:55.640919Z",
    "episodes_in_run": 800,
    "alpha": 0.01,
    "gamma": 0.99,
    "epsilon": 0.2,
    "alpha_decay": 1.0,
    "eps_decay": 0.995,
    "reward": "winloss",
    "random_openings": 6,
    "l2": 0.0001,
    "clip_params": null,
    "normalize_features": true,
    "pos_scale": 4.0,
    "mob_scale": 20.0,
    "stab_scale": 28.0,
    "resumed_from": "weights/latest.json",
    "tag": null
  }
}