{
  "pos": [
    497.87877477967135,
    -13.997216730066267,
    -21.74822316610593,
    -9.62181696366764,
    -114.69987411863568,
    -189.48629328133143,
    -97.20417183910014,
    94.21873540263222,
    -16.86645009512824,
    -3.5000070531233627,
    16.21349557051548,
    -55.18408974589238,
    -82.66417938996057,
    95.69706149769723,
    1.8687735261401772,
    -12.16128691636282
  ],
  "mobility_w": 459.8042320879647,
  "stable_w": 1851.8340494291808,
  "__meta__": {
    "schema": 1,
    "created_at": "2025-09-13T21:02:54.361742Z",
    "episodes_in_run": 800,
    "alpha": 0.01,
    "gamma": 0.99,
    "epsilon": 0.2,
    "alpha_decay": 1.0,
    "eps_decay": 0.995,
    "reward": "winloss",
    "random_openings": 6,
    "l2": 0.0001,
    "clip_params": null,
    "normalize_features": true,
    "pos_scale": 4.0,
    "mob_scale": 20.0,
    "stab_scale": 28.0,
    "resumed_from": "weights/latest.json",
    "tag": null
  }
}