{
  "pos": [
    611582.1908602758,
    -259516.15664160182,
    62517.77574064164,
    -43839.571775325574,
    -141963.11347510485,
    -84451.06784528325,
    -7997.4986247218285,
    -38569.93295170753,
    -6807.5559203755865,
    19671.04007650022,
    -17073.29688136206,
    -10791.916305121757,
    -43261.42792261994,
    -74983.95771389664,
    -10170.731560460215,
    -11581.660590671327
  ],
  "mobility_w": 624738.6609186312,
  "stable_w": 869063.2405031681,
  "__meta__": {
    "schema": 1,
    "created_at": "2025-09-15T10:39:20.728522Z",
    "episodes_in_run": 800,
    "alpha": 0.01,
    "gamma": 0.99,
    "epsilon": 0.2,
    "alpha_decay": 1.0,
    "eps_decay": 0.995,
    "reward": "winloss",
    "random_openings": 6,
    "l2": 0.0001,
    "clip_params": null,
    "normalize_features": true,
    "pos_scale": 4.0,
    "mob_scale": 20.0,
    "stab_scale": 28.0,
    "resumed_from": "weights/latest.json",
    "tag": null
  }
}