{
  "pos": [
    23.772785484901586,
    -9.665916051827875,
    -5.228046807512369,
    8.164661098459773,
    -13.370702804968358,
    -3.9722610523747406,
    -0.25188015729121493,
    -4.8449685196428725,
    -6.2805606706851576,
    1.6747836013002573,
    3.0300163299128666,
    -1.4901823047613496,
    -0.24968646978436723,
    -3.211805346139757,
    1.5175558525574266,
    -3.482405640379221
  ],
  "mobility_w": 39.729751607417924,
  "stable_w": 80.66995564199593,
  "__meta__": {
    "schema": 1,
    "created_at": "2025-09-13T16:59:18.274981Z",
    "episodes_in_run": 800,
    "alpha": 0.01,
    "gamma": 0.99,
    "epsilon": 0.2,
    "alpha_decay": 1.0,
    "eps_decay": 0.995,
    "reward": "winloss",
    "random_openings": 6,
    "l2": 0.0001,
    "clip_params": null,
    "normalize_features": true,
    "pos_scale": 4.0,
    "mob_scale": 20.0,
    "stab_scale": 28.0,
    "resumed_from": "weights/latest.json",
    "tag": null
  }
}