{
  "pos": [
    1015147.7252608071,
    -339182.3344068889,
    -17125.22076735881,
    -188525.12596413906,
    282543.62187204795,
    156548.33104911816,
    -117394.13037090027,
    -206212.54362149644,
    -400351.5952308536,
    273020.67518737074,
    3536.246807966613,
    132170.24715549767,
    265749.8224299323,
    -175198.58026971744,
    192784.3451977339,
    -219519.03946021863
  ],
  "mobility_w": 2053212.1992163279,
  "stable_w": 3687614.118206731,
  "__meta__": {
    "schema": 1,
    "created_at": "2025-09-15T16:36:01.202412Z",
    "episodes_in_run": 800,
    "alpha": 0.01,
    "gamma": 0.99,
    "epsilon": 0.2,
    "alpha_decay": 1.0,
    "eps_decay": 0.995,
    "reward": "winloss",
    "random_openings": 6,
    "l2": 0.0001,
    "clip_params": null,
    "normalize_features": true,
    "pos_scale": 4.0,
    "mob_scale": 20.0,
    "stab_scale": 28.0,
    "resumed_from": "weights/latest.json",
    "tag": null
  }
}