{
  "pos": [
    228608.08109513405,
    -32523.622989794883,
    25161.31644198778,
    -158612.8271129795,
    -60874.77262649013,
    -35480.51500214103,
    -49471.25847584749,
    -19773.31465398562,
    -132977.70231802957,
    -16717.3063469278,
    -86918.86206079664,
    -21341.166826171266,
    -24758.189991369145,
    -90100.381432215,
    -54066.928861536464,
    -44876.40640278378
  ],
  "mobility_w": 465331.7712230733,
  "stable_w": 1295247.7696610433,
  "__meta__": {
    "schema": 1,
    "created_at": "2025-09-15T11:14:22.232294Z",
    "episodes_in_run": 800,
    "alpha": 0.01,
    "gamma": 0.99,
    "epsilon": 0.2,
    "alpha_decay": 1.0,
    "eps_decay": 0.995,
    "reward": "winloss",
    "random_openings": 6,
    "l2": 0.0001,
    "clip_params": null,
    "normalize_features": true,
    "pos_scale": 4.0,
    "mob_scale": 20.0,
    "stab_scale": 28.0,
    "resumed_from": "weights/latest.json",
    "tag": null
  }
}