{
  "pos": [
    1877.21476225543,
    -1502.4594496548953,
    -1494.7036216854501,
    277.8286484558697,
    475.1595388855761,
    313.3678867506132,
    335.5617591981975,
    -402.53932029174376,
    -1221.8578544983834,
    -43.75133895400719,
    -266.36223566190205,
    443.83159630770234,
    452.2152460946985,
    178.47000746155257,
    209.72897228673813,
    -553.0113976599811
  ],
  "mobility_w": 3069.3282213502207,
  "stable_w": 8240.227364901242,
  "__meta__": {
    "schema": 1,
    "created_at": "2025-09-14T06:34:32.261214Z",
    "episodes_in_run": 800,
    "alpha": 0.01,
    "gamma": 0.99,
    "epsilon": 0.2,
    "alpha_decay": 1.0,
    "eps_decay": 0.995,
    "reward": "winloss",
    "random_openings": 6,
    "l2": 0.0001,
    "clip_params": null,
    "normalize_features": true,
    "pos_scale": 4.0,
    "mob_scale": 20.0,
    "stab_scale": 28.0,
    "resumed_from": "weights/latest.json",
    "tag": null
  }
}