{
  "pos": [
    208.34014080462552,
    -468.4729259934166,
    121.63540179489254,
    169.9279218914562,
    174.56314645389182,
    -3.3829633784547926,
    -50.50810050233429,
    -199.9277001813452,
    -235.24768910970448,
    44.13740311600875,
    69.73571045220213,
    107.36225028244085,
    -294.1738782751591,
    -44.238648970053895,
    30.302131977038066,
    -182.03216134360585
  ],
  "mobility_w": 1102.3636543018285,
  "stable_w": 3760.0623968982204,
  "__meta__": {
    "schema": 1,
    "created_at": "2025-09-14T02:51:05.196383Z",
    "episodes_in_run": 800,
    "alpha": 0.01,
    "gamma": 0.99,
    "epsilon": 0.2,
    "alpha_decay": 1.0,
    "eps_decay": 0.995,
    "reward": "winloss",
    "random_openings": 6,
    "l2": 0.0001,
    "clip_params": null,
    "normalize_features": true,
    "pos_scale": 4.0,
    "mob_scale": 20.0,
    "stab_scale": 28.0,
    "resumed_from": "weights/latest.json",
    "tag": null
  }
}