{
  "pos": [
    240.52535399942118,
    -267.7287996050873,
    -115.86374368642032,
    -8.008471652628936,
    -176.23854052040178,
    -27.775850188186503,
    72.81971143787246,
    26.448074221456334,
    -48.5509779480012,
    -9.974409711707528,
    -2.7526022939826653,
    69.52394740286088,
    -101.67312799570053,
    18.105556177467403,
    25.435240882638297,
    -56.64718292818994
  ],
  "mobility_w": 342.427433926064,
  "stable_w": 1580.5112089542376,
  "__meta__": {
    "schema": 1,
    "created_at": "2025-09-13T20:24:29.532700Z",
    "episodes_in_run": 800,
    "alpha": 0.01,
    "gamma": 0.99,
    "epsilon": 0.2,
    "alpha_decay": 1.0,
    "eps_decay": 0.995,
    "reward": "winloss",
    "random_openings": 6,
    "l2": 0.0001,
    "clip_params": null,
    "normalize_features": true,
    "pos_scale": 4.0,
    "mob_scale": 20.0,
    "stab_scale": 28.0,
    "resumed_from": "weights/latest.json",
    "tag": null
  }
}