{
  "pos": [
    1766.216745240518,
    -761.3786637105168,
    -1346.0346568943305,
    -608.381602692616,
    -1740.8398829711423,
    -840.6085467056179,
    1274.727493389016,
    275.6388374515058,
    -251.0508164918731,
    1073.7694912388586,
    -1587.9025720873208,
    -33.18389313275166,
    -1137.350532422415,
    508.4189238450431,
    591.9675318634035,
    -781.5886284004927
  ],
  "mobility_w": 6585.545524115371,
  "stable_w": 22441.533490070426,
  "__meta__": {
    "schema": 1,
    "created_at": "2025-09-14T09:50:08.667028Z",
    "episodes_in_run": 800,
    "alpha": 0.01,
    "gamma": 0.99,
    "epsilon": 0.2,
    "alpha_decay": 1.0,
    "eps_decay": 0.995,
    "reward": "winloss",
    "random_openings": 6,
    "l2": 0.0001,
    "clip_params": null,
    "normalize_features": true,
    "pos_scale": 4.0,
    "mob_scale": 20.0,
    "stab_scale": 28.0,
    "resumed_from": "weights/latest.json",
    "tag": null
  }
}