{
  "pos": [
    -454.851197532072,
    -841.6931150541728,
    -261.7739625278846,
    207.28762830874317,
    -701.518351161092,
    190.11327783963696,
    70.80395139442811,
    -201.98657506386732,
    -184.2839466864833,
    -50.74744633907187,
    -58.29417380109877,
    87.91913002066197,
    180.78949323275526,
    -59.264691234417924,
    161.50051174664677,
    -239.90990782945374
  ],
  "mobility_w": 1417.207333516565,
  "stable_w": 5888.0512697416125,
  "__meta__": {
    "schema": 1,
    "created_at": "2025-09-14T03:45:20.196880Z",
    "episodes_in_run": 800,
    "alpha": 0.01,
    "gamma": 0.99,
    "epsilon": 0.2,
    "alpha_decay": 1.0,
    "eps_decay": 0.995,
    "reward": "winloss",
    "random_openings": 6,
    "l2": 0.0001,
    "clip_params": null,
    "normalize_features": true,
    "pos_scale": 4.0,
    "mob_scale": 20.0,
    "stab_scale": 28.0,
    "resumed_from": "weights/latest.json",
    "tag": null
  }
}