{
  "pos": [
    2408.2361108564514,
    -2088.2939221573665,
    -280.2566477945589,
    1084.9537540267177,
    -563.2728029746502,
    487.5935210516111,
    -76.64575026662143,
    123.620214849036,
    -1135.3466106540113,
    77.7660173696118,
    -634.4520611244518,
    718.5704243043881,
    -641.9680207981803,
    618.9801347067191,
    184.84598438808538,
    -280.61135511645887
  ],
  "mobility_w": 5388.960500225955,
  "stable_w": 11114.55841934309,
  "__meta__": {
    "schema": 1,
    "created_at": "2025-09-14T07:46:52.754158Z",
    "episodes_in_run": 800,
    "alpha": 0.01,
    "gamma": 0.99,
    "epsilon": 0.2,
    "alpha_decay": 1.0,
    "eps_decay": 0.995,
    "reward": "winloss",
    "random_openings": 6,
    "l2": 0.0001,
    "clip_params": null,
    "normalize_features": true,
    "pos_scale": 4.0,
    "mob_scale": 20.0,
    "stab_scale": 28.0,
    "resumed_from": "weights/latest.json",
    "tag": null
  }
}