{
  "pos": [
    -70.49494484570037,
    35.13134515209843,
    -49.38419142332839,
    6.4508671879086155,
    101.66067121354288,
    -31.31139491256839,
    -2.385265659548096,
    -11.206227646665225,
    -36.81230019690071,
    -78.82793108402144,
    22.21533856566077,
    3.8152837144598446,
    -20.384928258922027,
    36.77787183020873,
    14.529284344332892,
    -24.691007460078897
  ],
  "mobility_w": 183.23980077032962,
  "stable_w": 757.9143248897211,
  "__meta__": {
    "schema": 1,
    "created_at": "2025-09-13T19:45:06.318436Z",
    "episodes_in_run": 800,
    "alpha": 0.01,
    "gamma": 0.99,
    "epsilon": 0.2,
    "alpha_decay": 1.0,
    "eps_decay": 0.995,
    "reward": "winloss",
    "random_openings": 6,
    "l2": 0.0001,
    "clip_params": null,
    "normalize_features": true,
    "pos_scale": 4.0,
    "mob_scale": 20.0,
    "stab_scale": 28.0,
    "resumed_from": "weights/latest.json",
    "tag": null
  }
}