{
  "pos": [
    0.6682659465594001,
    -0.033451174889131394,
    0.03513547563307311,
    0.0184369185900623,
    -0.06343704933658458,
    -0.02708032344190923,
    -0.044290197930021966,
    -0.016386573929793972,
    0.019109254524549184,
    -0.018029169704361733,
    0.000477932626724423,
    0.004310226166322001,
    0.023492813330429012,
    -0.017830090530652154,
    0.019888119827648747,
    -0.03096646131461968
  ],
  "mobility_w": 0.18319579453402135,
  "stable_w": 0.693425341283355,
  "__meta__": {
    "schema": 1,
    "created_at": "2025-09-13T10:15:26.528330Z",
    "episodes_in_run": 500,
    "alpha": 0.006063789448611843,
    "gamma": 0.99,
    "epsilon": 0.01631437228805569,
    "alpha_decay": 0.999,
    "eps_decay": 0.995,
    "reward": "winloss",
    "random_openings": 6,
    "l2": 0.0001,
    "clip_params": 1.0,
    "normalize_features": true,
    "pos_scale": 4.0,
    "mob_scale": 20.0,
    "stab_scale": 28.0,
    "resumed_from": "weights/latest.json",
    "tag": null
  }
}