{
  "pos": [
    4413.879039063456,
    -11734.047816751472,
    2470.130785296391,
    -6595.037441077817,
    -17000.950966696495,
    -41.146619451049794,
    1844.5796512040179,
    -5328.407092510288,
    -9015.139734852364,
    211.38433055375427,
    -92.58287795658866,
    -779.6381523916668,
    -249.78617827614414,
    -5201.908402436685,
    -1572.5845183423821,
    -764.9249114465631
  ],
  "mobility_w": 25668.03250499838,
  "stable_w": 130647.21142434166,
  "__meta__": {
    "schema": 1,
    "created_at": "2025-09-15T00:25:23.367094Z",
    "episodes_in_run": 800,
    "alpha": 0.01,
    "gamma": 0.99,
    "epsilon": 0.2,
    "alpha_decay": 1.0,
    "eps_decay": 0.995,
    "reward": "winloss",
    "random_openings": 6,
    "l2": 0.0001,
    "clip_params": null,
    "normalize_features": true,
    "pos_scale": 4.0,
    "mob_scale": 20.0,
    "stab_scale": 28.0,
    "resumed_from": "weights/latest.json",
    "tag": null
  }
}