{
  "pos": [
    436855.9304173848,
    -656792.9931262336,
    183497.78427258445,
    -18476.739229549512,
    -357428.06817266514,
    -208234.55505903394,
    214579.04983199883,
    -78823.0357768145,
    100646.44706018943,
    126149.79301721409,
    -35081.28429069493,
    75064.67710025246,
    -329513.6496716133,
    61880.0928418193,
    -67920.17178638601,
    -101970.52812445721
  ],
  "mobility_w": 891835.0597412346,
  "stable_w": 2724686.2665256914,
  "__meta__": {
    "schema": 1,
    "created_at": "2025-09-15T14:08:48.541774Z",
    "episodes_in_run": 800,
    "alpha": 0.01,
    "gamma": 0.99,
    "epsilon": 0.2,
    "alpha_decay": 1.0,
    "eps_decay": 0.995,
    "reward": "winloss",
    "random_openings": 6,
    "l2": 0.0001,
    "clip_params": null,
    "normalize_features": true,
    "pos_scale": 4.0,
    "mob_scale": 20.0,
    "stab_scale": 28.0,
    "resumed_from": "weights/latest.json",
    "tag": null
  }
}