{
  "pos": [
    397384.7408520695,
    -337413.27014894504,
    45244.28109607648,
    -223450.07541298962,
    -97432.10982900424,
    -205396.46650559807,
    -37307.543079464136,
    8754.452264019956,
    129339.08814215995,
    -37999.985294231046,
    -144589.18680427907,
    -23071.952861338905,
    -17188.43023746005,
    -149072.76754087518,
    29200.620254418125,
    -97721.9840179451
  ],
  "mobility_w": 402653.089132216,
  "stable_w": 2169566.6839036285,
  "__meta__": {
    "schema": 1,
    "created_at": "2025-09-15T13:28:32.015587Z",
    "episodes_in_run": 800,
    "alpha": 0.01,
    "gamma": 0.99,
    "epsilon": 0.2,
    "alpha_decay": 1.0,
    "eps_decay": 0.995,
    "reward": "winloss",
    "random_openings": 6,
    "l2": 0.0001,
    "clip_params": null,
    "normalize_features": true,
    "pos_scale": 4.0,
    "mob_scale": 20.0,
    "stab_scale": 28.0,
    "resumed_from": "weights/latest.json",
    "tag": null
  }
}