{
  "pos": [
    3218.9840594763396,
    -1839.8748728590865,
    1093.4927375050627,
    -587.5165749468225,
    1690.8556780870588,
    472.27128209086226,
    -414.03179998174113,
    568.9025192262237,
    -1289.5841134777863,
    79.1846141961842,
    -815.6648009714523,
    -197.63463136744306,
    -29.270372278194316,
    26.959715290169143,
    437.04795596002793,
    -220.8989307443499
  ],
  "mobility_w": 3754.4727361186715,
  "stable_w": 6683.619880191934,
  "__meta__": {
    "schema": 1,
    "created_at": "2025-09-14T07:11:57.854373Z",
    "episodes_in_run": 800,
    "alpha": 0.01,
    "gamma": 0.99,
    "epsilon": 0.2,
    "alpha_decay": 1.0,
    "eps_decay": 0.995,
    "reward": "winloss",
    "random_openings": 6,
    "l2": 0.0001,
    "clip_params": null,
    "normalize_features": true,
    "pos_scale": 4.0,
    "mob_scale": 20.0,
    "stab_scale": 28.0,
    "resumed_from": "weights/latest.json",
    "tag": null
  }
}