{
  "pos": [
    1710557.9479161636,
    -412506.0963746893,
    64962.50145196422,
    -375795.7174156495,
    -408588.0679405725,
    34360.73260512302,
    165391.53170591718,
    28542.49521337876,
    145909.04047988946,
    62623.00714213795,
    -105678.06463445592,
    -23034.687158303357,
    154844.70642926116,
    -532102.123974952,
    255553.02529924174,
    -42099.526129583784
  ],
  "mobility_w": 1094347.936441821,
  "stable_w": 2015740.953550399,
  "__meta__": {
    "schema": 1,
    "created_at": "2025-09-15T15:21:54.675536Z",
    "episodes_in_run": 800,
    "alpha": 0.01,
    "gamma": 0.99,
    "epsilon": 0.2,
    "alpha_decay": 1.0,
    "eps_decay": 0.995,
    "reward": "winloss",
    "random_openings": 6,
    "l2": 0.0001,
    "clip_params": null,
    "normalize_features": true,
    "pos_scale": 4.0,
    "mob_scale": 20.0,
    "stab_scale": 28.0,
    "resumed_from": "weights/latest.json",
    "tag": null
  }
}