{
  "pos": [
    -38324.318039249534,
    16161.82821168429,
    31603.718439815424,
    -6152.046211133356,
    -12690.1981024003,
    20163.535961738722,
    -14380.139462398822,
    -9488.107384209425,
    -10122.552310536495,
    8109.2512754458785,
    7627.063968184556,
    6682.79311695167,
    17086.80111044936,
    -24139.2393978256,
    3834.0286729480763,
    -8839.307726406021
  ],
  "mobility_w": 132514.42219869822,
  "stable_w": 318124.6565672179,
  "__meta__": {
    "schema": 1,
    "created_at": "2025-09-15T03:52:50.990611Z",
    "episodes_in_run": 800,
    "alpha": 0.01,
    "gamma": 0.99,
    "epsilon": 0.2,
    "alpha_decay": 1.0,
    "eps_decay": 0.995,
    "reward": "winloss",
    "random_openings": 6,
    "l2": 0.0001,
    "clip_params": null,
    "normalize_features": true,
    "pos_scale": 4.0,
    "mob_scale": 20.0,
    "stab_scale": 28.0,
    "resumed_from": "weights/latest.json",
    "tag": null
  }
}