{
  "pos": [
    344.14133911127817,
    -43.27631204382551,
    84.01819934786636,
    17.949240416077213,
    25.234352040585136,
    -165.51557193326263,
    -119.6861174756849,
    -28.258766524342875,
    -201.30101420519435,
    51.392181653476435,
    61.173175337967415,
    22.76797246787502,
    -126.2216779996972,
    17.53443182673706,
    36.41986775769777,
    -75.30724260069789
  ],
  "mobility_w": 547.1240905209321,
  "stable_w": 2266.399726784954,
  "__meta__": {
    "schema": 1,
    "created_at": "2025-09-13T21:11:44.119443Z",
    "episodes_in_run": 800,
    "alpha": 0.01,
    "gamma": 0.99,
    "epsilon": 0.2,
    "alpha_decay": 1.0,
    "eps_decay": 0.995,
    "reward": "winloss",
    "random_openings": 6,
    "l2": 0.0001,
    "clip_params": null,
    "normalize_features": true,
    "pos_scale": 4.0,
    "mob_scale": 20.0,
    "stab_scale": 28.0,
    "resumed_from": "weights/latest.json",
    "tag": null
  }
}