{
  "pos": [
    12.176792675867102,
    -114.82783118165882,
    2.786025405275375,
    -9.117358681054208,
    -8.269776723400197,
    -8.147312919503458,
    18.99059748569968,
    8.7900278663961,
    -54.97091420029676,
    -11.641683386884985,
    20.030699253595348,
    -28.14817076556923,
    -22.60781012690655,
    20.94627273620987,
    1.831413443824493,
    21.900877237755655
  ],
  "mobility_w": 233.27952393266304,
  "stable_w": 940.6910890975317,
  "__meta__": {
    "schema": 1,
    "created_at": "2025-09-13T19:54:25.055230Z",
    "episodes_in_run": 800,
    "alpha": 0.01,
    "gamma": 0.99,
    "epsilon": 0.2,
    "alpha_decay": 1.0,
    "eps_decay": 0.995,
    "reward": "winloss",
    "random_openings": 6,
    "l2": 0.0001,
    "clip_params": null,
    "normalize_features": true,
    "pos_scale": 4.0,
    "mob_scale": 20.0,
    "stab_scale": 28.0,
    "resumed_from": "weights/latest.json",
    "tag": null
  }
}