{
  "pos": [
    144.15876954141305,
    -0.07744779434786381,
    -14.107698389984472,
    166.96221675691302,
    -216.0744993369671,
    -58.90863582622257,
    62.23555813185047,
    -17.675522248071523,
    19.84288494626685,
    10.616613158463016,
    -13.662300776534066,
    -25.86273791081218,
    9.940245556782243,
    20.00693832275248,
    27.238591644680906,
    -70.36194834119216
  ],
  "mobility_w": 420.66779599134145,
  "stable_w": 1680.8736231687308,
  "__meta__": {
    "schema": 1,
    "created_at": "2025-09-13T20:53:43.684667Z",
    "episodes_in_run": 800,
    "alpha": 0.01,
    "gamma": 0.99,
    "epsilon": 0.2,
    "alpha_decay": 1.0,
    "eps_decay": 0.995,
    "reward": "winloss",
    "random_openings": 6,
    "l2": 0.0001,
    "clip_params": null,
    "normalize_features": true,
    "pos_scale": 4.0,
    "mob_scale": 20.0,
    "stab_scale": 28.0,
    "resumed_from": "weights/latest.json",
    "tag": null
  }
}