{
  "pos": [
    1534015.1246630251,
    -221360.89491985802,
    277314.77453919675,
    -686528.4119464025,
    -391640.57835024747,
    88980.31738959317,
    -87545.46917270297,
    54241.927365877375,
    -44348.2506054268,
    234438.39434223523,
    -152343.36115706316,
    -159798.6147374471,
    311604.41819102084,
    -159454.66322547675,
    -123248.6656050328,
    -24538.863200055242
  ],
  "mobility_w": 1530380.4568565981,
  "stable_w": 2822215.284645907,
  "__meta__": {
    "schema": 1,
    "created_at": "2025-09-15T16:01:00.561195Z",
    "episodes_in_run": 800,
    "alpha": 0.01,
    "gamma": 0.99,
    "epsilon": 0.2,
    "alpha_decay": 1.0,
    "eps_decay": 0.995,
    "reward": "winloss",
    "random_openings": 6,
    "l2": 0.0001,
    "clip_params": null,
    "normalize_features": true,
    "pos_scale": 4.0,
    "mob_scale": 20.0,
    "stab_scale": 28.0,
    "resumed_from": "weights/latest.json",
    "tag": null
  }
}