{
  "pos": [
    197939.72287980374,
    64040.498311773175,
    8286.466639452437,
    -25502.465339927134,
    -90991.64785803374,
    -81625.16976896256,
    13510.788142617608,
    -27290.72067808446,
    -39326.778270401075,
    27247.626199291288,
    7206.229465384976,
    -1782.3002255060258,
    15395.073381183123,
    -12237.747138618806,
    -2126.157841116202,
    -17522.450116096883
  ],
  "mobility_w": 192113.76844581106,
  "stable_w": 337873.8373932464,
  "__meta__": {
    "schema": 1,
    "created_at": "2025-09-15T05:17:27.879393Z",
    "episodes_in_run": 800,
    "alpha": 0.01,
    "gamma": 0.99,
    "epsilon": 0.2,
    "alpha_decay": 1.0,
    "eps_decay": 0.995,
    "reward": "winloss",
    "random_openings": 6,
    "l2": 0.0001,
    "clip_params": null,
    "normalize_features": true,
    "pos_scale": 4.0,
    "mob_scale": 20.0,
    "stab_scale": 28.0,
    "resumed_from": "weights/latest.json",
    "tag": null
  }
}