{
  "pos": [
    -26935.681251794096,
    -120541.08202240622,
    179533.11438220087,
    -87066.1333459238,
    -244105.06882111603,
    48976.92688655032,
    -158442.05614659298,
    1419.942866581387,
    227453.65282123012,
    38715.04382989432,
    -5768.96040674724,
    2569.710085097331,
    -94868.78018684304,
    -65715.49697363557,
    63384.971621955556,
    -30123.347928128547
  ],
  "mobility_w": 636033.0452970199,
  "stable_w": 1744538.2174063325,
  "__meta__": {
    "schema": 1,
    "created_at": "2025-09-15T12:55:03.327828Z",
    "episodes_in_run": 800,
    "alpha": 0.01,
    "gamma": 0.99,
    "epsilon": 0.2,
    "alpha_decay": 1.0,
    "eps_decay": 0.995,
    "reward": "winloss",
    "random_openings": 6,
    "l2": 0.0001,
    "clip_params": null,
    "normalize_features": true,
    "pos_scale": 4.0,
    "mob_scale": 20.0,
    "stab_scale": 28.0,
    "resumed_from": "weights/latest.json",
    "tag": null
  }
}