{
  "pos": [
    36470.202774494566,
    -179127.8683972074,
    -1902.0457557965135,
    30841.1236108647,
    -11820.00722997104,
    -29674.664031837954,
    4588.999128879543,
    -25150.870781913614,
    -22665.699830197103,
    -45043.86631098396,
    -41819.215870761196,
    -28498.142088580327,
    -49488.346181951565,
    32084.877698527038,
    -15130.990421344466,
    -16664.03613057736
  ],
  "mobility_w": 333601.5490082004,
  "stable_w": 818147.6295208575,
  "__meta__": {
    "schema": 1,
    "created_at": "2025-09-15T07:47:21.441351Z",
    "episodes_in_run": 800,
    "alpha": 0.01,
    "gamma": 0.99,
    "epsilon": 0.2,
    "alpha_decay": 1.0,
    "eps_decay": 0.995,
    "reward": "winloss",
    "random_openings": 6,
    "l2": 0.0001,
    "clip_params": null,
    "normalize_features": true,
    "pos_scale": 4.0,
    "mob_scale": 20.0,
    "stab_scale": 28.0,
    "resumed_from": "weights/latest.json",
    "tag": null
  }
}